-- phpMyAdmin SQL Dump
-- version 5.0.2
-- https://www.phpmyadmin.net/
--
-- Host: 127.0.0.1
-- Generation Time: Dec 22, 2022 at 06:35 AM
-- Server version: 10.4.14-MariaDB
-- PHP Version: 7.4.10

SET SQL_MODE = "NO_AUTO_VALUE_ON_ZERO";
START TRANSACTION;
SET time_zone = "+00:00";


/*!40101 SET @OLD_CHARACTER_SET_CLIENT=@@CHARACTER_SET_CLIENT */;
/*!40101 SET @OLD_CHARACTER_SET_RESULTS=@@CHARACTER_SET_RESULTS */;
/*!40101 SET @OLD_COLLATION_CONNECTION=@@COLLATION_CONNECTION */;
/*!40101 SET NAMES utf8mb4 */;

--
-- Database: `evacuation`
--

-- --------------------------------------------------------

--
-- Table structure for table `barangay`
--

CREATE TABLE `barangay` (
  `id` int(11) NOT NULL,
  `name` varchar(255) NOT NULL,
  `status` tinyint(4) DEFAULT NULL,
  `lat` varchar(255) NOT NULL,
  `lng` varchar(255) NOT NULL,
  `captain` varchar(255) DEFAULT NULL,
  `secretary` varchar(255) DEFAULT NULL,
  `contact_no` varchar(255) DEFAULT NULL
) ENGINE=InnoDB DEFAULT CHARSET=latin1;

--
-- Dumping data for table `barangay`
--

INSERT INTO `barangay` (`id`, `name`, `status`, `lat`, `lng`, `captain`, `secretary`, `contact_no`) VALUES
(31, 'ADA', 1, '', '', 'VILLAMOR, ELSA', 'MAGAYONES, IRENEO', '09777177426'),
(32, 'AMANLURAN', 1, '', '', 'MONTE, LOURDES', 'ALMADEN, PINKY', '09485248552'),
(33, 'ARADO', 1, '', '', 'OLIMBERIO, CARLITO', 'CESAR, MELIE', '09750169012'),
(34, 'ANTIPOLO', 1, '', '', 'ASIS, EVELYN', 'TIOLO, GLEN CARLO', '09177142370'),
(35, 'BALUD', 1, '', '', 'VERONA, JIMMY', 'ARCENA, BLESILDA', '09193279453'),
(36, 'BANGON', 1, '', '', 'TOLIBAS, SERIOLO', 'DANDAN, ELIZABETH', 'N/A'),
(37, 'BANTAGAN', 1, '', '', 'BOCO, GERVACIO', 'MAGALLANES REYNALDO', 'N/A'),
(38, 'BARAS', 1, '', '', 'GEMPIS, MARGARITO JR.', 'REDOÑA NILDA', 'N/A'),
(39, 'BINOLO', 1, '', '', 'PEREZ, WILMA', 'RAGAODAO, MARGARITO', 'N/A'),
(40, 'BINONGTO-AN', 1, '', '', 'GARCIA, EVANGELINE S.', 'BASAS, ERNESTO', '09281828508'),
(41, 'BISLIG', 1, '', '', 'MERILO, EFREN C.', 'CAIMOY, AGNES', '09171627738'),
(42, 'BUNTAY(POBLACION)', 1, '', '', 'TECSON, ROMEO C.', 'MORENO, MARVIN', '09217814802'),
(43, 'CABALAGNAN', 1, '', '', 'CORNEJO, HERLINDO P.', 'REDOÑA, NILDA', 'N/A'),
(44, 'CABARASAN GUTI', 1, '', '', 'GADIL, RAQUEL', 'AVILA, ALANO', '09058574134'),
(45, 'CABONGA-AN', 1, '', '', 'LEONA, REYNAN', 'BOLLENA, EDUARDO', 'N/A'),
(46, 'CABUYNAN', 1, '', '', 'LADAN, LUDIVINA', 'VIERRAS RAMIL', '09154134436'),
(47, 'CAHUMAYHUMAYAN', 1, '', '', 'DELA CRUZ, CORAZON', 'LAGARTO LITO', '09177145920'),
(48, 'CALOGCOG', 1, '', '', 'CORILLA, BENEDICTO', 'BARANDA ELDEN', '09999988210'),
(49, 'CALSADAHAY', 1, '', '', 'ABANIS, ROSARIO', 'RESMA, GERARDO', '09771178604'),
(50, 'CAMIRE', 1, '', '', 'FLORES, ROSSARIE ANNE', 'ENCINA, ZENAIDA', '09399089890'),
(51, 'CANBALISARA', 1, '', '', 'BIBAR, ZENAIDA C.', 'CATACIO, ROLAND', '09568342934'),
(52, 'CANRAMOS(POBLACION)', 1, '', '', 'NIRZA, FRED C.', 'PILOLA, CAMILO', '09471718588'),
(53, 'CATIGBIAN', 1, '', '', 'LOYAGA, WILFREDO', 'TOLIBAS, ELMA', 'N/A'),
(54, 'CATMON', 1, '', '', 'PANZO, FLORENTINO', 'DIAZ, MARIO', '09305260839'),
(55, 'COGON', 1, '', '', 'CAUNTIC, GERRY', 'BASIBAS, GILBERT', '09505983122'),
(56, 'GUINDAG-AN', 1, '', '', 'JUANITEZ, FLORO', 'CREER, PRIMITIVO', '09352308895'),
(57, 'GUINGAWAN', 1, '', '', 'BADANA, LEONEL C.', 'TOLIBAS, PAZ', '09686368475'),
(58, 'HILAGPAD', 1, '', '', 'TOLIBAS, ARTHURO', 'BOCO, JOVENCIO', '09305335416'),
(59, 'KILING', 1, '', '', 'CAPILO, ENRIQUE', 'TUANO, ANTHONY', '09192126492'),
(60, 'LAPAY', 1, '', '', 'MERCADO, EDUARDO', 'CINCO, ARGIE', '0999924052'),
(61, 'LICOD(POBLACION)', 1, '', '', 'PALO, ROLANDO P. ', 'ARCENA, MA. TERESA', '09066850589'),
(62, 'LIMBUHAN DAKU', 1, '', '', 'LOGRONIO, JOEL', 'SILVANO, LITO', '09985487782'),
(63, 'LIMBUHAN GUTI', 1, '', '', 'SALARDA, CONSTANCIA', 'VIRTUDES, FELIPE', 'N/A'),
(64, 'LINAO', 1, '', '', 'CINCO, FELICIANA', 'LAGARTO, FLORENDA', 'N/A'),
(65, 'MAGAY', 1, '', '', 'CELADA, JOAN', 'BERMISO, DIEGO', '09066850589'),
(66, 'MAGHULOD', 1, '', '', 'COSTINIANO, HONELYN', 'CAYANES, CLEMENSIA', '09122079472'),
(67, 'MARIBI', 1, '', '', 'MACEDA, IRENE', 'NARDO, ADELINA', '09674276747'),
(68, 'MOHON', 1, '', '', 'ESPINA, ZOSIMO', 'RUBIO, NESTOR', '09364694411'),
(69, 'PAGO', 1, '', '', 'DANDAN, JEFRREY', 'SUBILAGA, ROBINA', 'N/A'),
(70, 'PASIL', 1, '', '', 'ANGELIO, JOSEPHINE', 'SOYOSA, EDWIN', '09665444969'),
(71, 'PICAS', 1, '', '', 'COSTINIANO, ROMMEL', 'COSTINIANO, ISAGANI', 'N/A'),
(72, 'SACME', 1, '', '', 'SALVAÑA, MARITES', 'MENDIOLA, FERNANDO', '09357360169'),
(73, 'SALVADOR', 1, '', '', 'SALUBON, NORMAN ', 'PEREZ, RODERICO', '09380060699'),
(74, 'SAN ISIDRO', 1, '', '', 'ARCENA, JAY', 'COBACHA, LEMBERG', '09063172219'),
(75, 'SAN MIGUEL(POBLACION)', 1, '', '', 'GIMENEZ, MA. MARTINA L.', 'ORINGO, JAIME', '09173109708'),
(76, 'SAN ROQUE(POBLCAION)', 1, '', '', 'DELA CRUZ, CORAZON', 'MORABE, ERWIN', '09264089932'),
(77, 'SAN VICTOR', 1, '', '', 'OMEGA, ROQUE L.', 'BALMEZ, FRANCISCO', '09668336265'),
(78, 'SANTA ELENA', 1, '', '', 'ARCENA, NICOLAS', 'TAÑA, MANOLO', '09063172219'),
(79, 'SANTA CRUZ', 1, '', '', 'TOBILLA, DOMINICO G.', 'LEGASPI, MICHAEL', '09999988210'),
(80, 'SOLANO', 1, '', '', 'VILLAMOR, CARMELITA C.', 'FLORENDO, TEODORO', '0965435804'),
(81, 'SANTO NINO(HACLAGAN)(POBLACION)', 1, '', '', 'MIRALLES, ALEX', 'PANGATUNAN, PAUL', '09484534646'),
(82, 'TALOLORA', 1, '', '', 'BUENDIA, RODGIE A.', 'DACOCO, MARK ANTHONY', '09481475456'),
(83, 'TUGOP', 1, '', '', 'CREER, REYNALDO', 'INDIC, ORLAN', '09158125636'),
(84, 'MALAGUICAY', 1, '', '', 'TONDO, RUEL', 'PEREZ, IVAN', '09207506475');

-- --------------------------------------------------------

--
-- Table structure for table `barangay_info`
--

CREATE TABLE `barangay_info` (
  `id` int(11) NOT NULL,
  `lastname` varchar(255) NOT NULL,
  `firstname` varchar(255) NOT NULL,
  `age` int(11) NOT NULL,
  `gender` int(11) NOT NULL,
  `address` varchar(1000) NOT NULL,
  `contact_number` varchar(255) NOT NULL,
  `date_added` datetime NOT NULL,
  `status` int(11) DEFAULT NULL,
  `barangay_id` int(11) DEFAULT NULL
) ENGINE=InnoDB DEFAULT CHARSET=utf8mb4;

--
-- Dumping data for table `barangay_info`
--

INSERT INTO `barangay_info` (`id`, `lastname`, `firstname`, `age`, `gender`, `address`, `contact_number`, `date_added`, `status`, `barangay_id`) VALUES
(1, 'Barry', 'Ifeoma', 77, 1, 'Pariatur Ea quisqua', '253', '2022-10-01 10:33:09', 0, 26),
(2, 'Cotton', 'Clinton', 1, 2, 'Quae voluptate nostr', '761', '2022-10-01 10:40:46', 0, 27),
(3, 'Wilkerson', 'April', 59, 1, 'Mollit impedit dolo', '313', '2022-10-01 10:41:53', 0, 22),
(4, 'Pickett', 'Avye', 88, 1, 'Cupiditate voluptate', '146', '2022-10-01 11:19:54', 0, 22),
(5, 'BETASOLO', 'ARMANCIO', 43, 1, 'GUINGAWAN TANAUAN LEYTE', 'N/A', '2022-11-08 00:26:12', 1, 57),
(6, 'BETASOLO', 'JONABIE', 34, 2, 'GUINGAWAN TANAUAN LEYTE', 'N/A', '2022-11-08 00:26:44', 1, 57),
(7, 'BETASOLO', 'CHESKA', 11, 2, 'GUINGAWAN TANAUAN LEYTE', 'N/A', '2022-11-08 00:27:09', 1, 57),
(8, 'BETASOLO', 'DENNIS', 50, 1, 'GUINGAWAN TANAUAN LEYTE', 'N/A', '2022-11-08 00:27:59', 1, 57),
(9, 'BETASOLO', 'MA.LINDA', 59, 2, 'GUINGAWAN TANAUAN LEYTE', 'N/A', '2022-11-08 00:28:35', 1, 57),
(10, 'BETASOLO', 'DEMAR', 23, 1, 'GUINGAWAN TANAUAN LEYTE', 'N/A', '2022-11-08 00:29:10', 1, 57),
(11, 'BETASOLO', 'DEVID', 21, 1, 'GUINGAWAN TANAUAN LEYTE', 'N/A', '2022-11-08 00:29:33', 1, 57),
(12, 'DE PAZ', 'JASMIN', 18, 2, 'GUINGAWAN TANAUAN LEYTE', 'N/A', '2022-11-08 00:30:00', 1, 57),
(13, 'BETASOLO', 'ZEPHANIE EVE', 1, 2, 'GUINGAWAN TANAUAN LEYTE', 'N/A', '2022-11-08 00:30:29', 1, 57),
(14, 'CATIENZA', 'EDGAR', 52, 1, 'GUINGAWAN TANAUAN LEYTE', 'N/A', '2022-11-08 00:30:56', 1, 57),
(15, 'CATIENZA', 'SHIELA', 52, 2, 'GUINGAWAN TANAUAN LEYTE', 'N/A', '2022-11-08 00:31:18', 1, 57),
(16, 'CATIENZA', 'EDGAR JR.', 25, 1, 'GUINGAWAN TANAUAN LEYTE', 'N/A', '2022-11-08 00:31:41', 1, 57),
(17, 'CATIENZA', 'JOSHUA', 22, 1, 'GUINGAWAN TANAUAN LEYTE', 'N/A', '2022-11-08 00:32:09', 1, 57),
(18, 'CATIENZA', 'JUSTIN', 17, 1, 'GUINGAWAN TANAUAN LEYTE', 'N/A', '2022-11-08 00:33:06', 1, 57),
(19, 'CATIENZA', 'JULIUS', 16, 1, 'GUINGAWAN TANAUAN LEYTE', 'N/A', '2022-11-08 00:33:43', 1, 57),
(20, 'AVILA', 'MA. CONSOLACION', 74, 2, 'GUINGAWAN TANAUAN LEYTE', 'N/A', '2022-11-08 00:34:37', 1, 57),
(21, 'BANTULA', 'SYLVESTRE', 47, 1, 'GUINGAWAN TANAUAN LEYTE', 'N/A', '2022-11-08 00:35:06', 1, 57),
(22, 'BANTULA', 'GESILLE', 21, 2, 'GUINGAWAN TANAUAN LEYTE', 'N/A', '2022-11-08 00:35:29', 1, 57),
(23, 'CORNEJO ', 'GUILLERMO', 87, 1, 'GUINGAWAN TANAUAN LEYTE', 'N/A', '2022-11-08 00:35:54', 1, 57),
(24, 'MACEDA', 'MARVIN', 32, 1, 'GUINGAWAN TANAUAN LEYTE', 'N/A', '2022-11-08 00:36:28', 1, 57),
(25, 'TOLIBAS', 'MA. ABEGAIL', 32, 2, 'GUINGAWAN TANAUAN LEYTE', 'N/A', '2022-11-08 00:36:51', 1, 57),
(26, 'MACEDA', 'KYLE NIGEL', 10, 1, 'GUINGAWAN TANAUAN LEYTE', 'N/A', '2022-11-08 00:37:14', 1, 57),
(27, 'MACEDA', 'KLYDE', 4, 1, 'GUINGAWAN TANAUAN LEYTE', 'N/A', '2022-11-08 00:37:57', 1, 57),
(28, 'TOLIBAS', 'ANABELLE', 33, 2, 'GUINGAWAN TANAUAN LEYTE', 'N/A', '2022-11-08 00:38:20', 1, 57),
(29, 'BUENAVENTURA', 'RAEL', 6, 1, 'GUINGAWAN TANAUAN LEYTE', 'N/A', '2022-11-08 00:38:44', 1, 57),
(30, 'SEVILLANO', 'FRANCISCO', 23, 1, 'GUINGAWAN TANAUAN LEYTE', 'N/A', '2022-11-08 00:39:55', 1, 57),
(31, 'PEREZ', 'CAMILLE', 17, 2, 'GUINGAWAN TANAUAN LEYTE', 'N/A', '2022-11-08 00:40:27', 1, 57),
(32, 'SEVILLANO', 'MARK GONN', 1, 1, 'GUINGAWAN TANAUAN LEYTE', 'N/A', '2022-11-08 00:40:49', 1, 57),
(33, 'PEREZ', 'KEYCEE', 13, 2, 'GUINGAWAN TANAUAN LEYTE', 'N/A', '2022-11-08 00:41:08', 1, 57),
(34, 'SEVILLANO', 'JOCEBEL', 31, 2, 'GUINGAWAN TANAUAN LEYTE', 'N/A', '2022-11-08 00:41:38', 1, 57),
(35, 'SEVILLANO', 'JHON LEE', 13, 1, 'GUINGAWAN TANAUAN LEYTE', 'N/A', '2022-11-08 00:42:02', 1, 57),
(36, 'SEVILLANO', 'ARIANNE MAE', 11, 2, 'GUINGAWAN TANAUAN LEYTE', 'N/A', '2022-11-08 00:42:25', 1, 57),
(37, 'CASTRO', 'JHOREN MAE', 9, 2, 'GUINGAWAN TANAUAN LEYTE', 'N/A', '2022-11-08 00:45:07', 1, 57),
(38, 'CASTRO', 'MARY GRACE', 7, 2, 'GUINGAWAN TANAUAN LEYTE', 'N/A', '2022-11-08 00:45:42', 1, 57),
(39, 'SEVILLANO', 'RAZIYA', 4, 2, 'GUINGAWAN TANAUAN LEYTE', 'N/A', '2022-11-08 00:46:11', 1, 57),
(40, 'SEVILLANO', 'JENEFER', 34, 2, 'GUINGAWAN TANAUAN LEYTE', 'N/A', '2022-11-08 00:46:39', 1, 57),
(41, 'CORNEJO', 'VISITACION', 60, 2, 'GUINGAWAN TANAUAN LEYTE', 'N/A', '2022-11-08 00:47:18', 1, 57),
(42, 'CORNEJO', 'MELBERT', 30, 1, 'GUINGAWAN TANAUAN LEYTE', 'N/A', '2022-11-08 00:47:43', 1, 57),
(43, 'CORNEJO', 'MELVIN', 22, 1, 'GUINGAWAN TANAUAN LEYTE', 'N/A', '2022-11-08 00:48:16', 1, 57),
(44, 'CORNEJO', 'CAMELO JR.', 34, 1, 'GUINGAWAN TANAUAN LEYTE', 'N/A', '2022-11-08 00:48:54', 1, 57),
(45, 'CORNEJO', 'MICHAEL', 25, 1, 'GUINGAWAN TANAUAN LEYTE', 'N/A', '2022-11-08 00:49:21', 1, 57),
(46, 'DICO', 'CARLO', 29, 1, 'GUINGAWAN TANAUAN LEYTE', 'N/A', '2022-11-08 00:49:52', 1, 57),
(47, 'CORNEJO', 'MELVIE', 27, 2, 'GUINGAWAN TANAUAN LEYTE', 'N/A', '2022-11-08 00:50:17', 1, 57),
(48, 'DICO ', 'MELCARL', 7, 1, 'GUINGAWAN ', 'N/A', '2022-11-08 00:50:39', 1, 57),
(49, 'DICO', 'JELL CARL', 2, 1, 'GUINGAWAN TANAUAN LEYTE', 'N/A', '2022-11-08 00:51:15', 1, 57),
(50, 'DE JESUS', 'NOEL', 42, 1, 'GUINGAWAN TANAUAN LEYTE', 'N/A', '2022-11-08 00:52:47', 1, 57),
(51, 'DE JESUS', 'MELBA', 38, 2, 'GUINGAWAN TANAUAN LEYTE', 'N/A', '2022-11-08 00:53:19', 1, 57),
(52, 'DE JESUS', 'YESHA RAINE', 7, 2, 'GUINGAWAN TANAUAN LEYTE', 'N/A', '2022-11-08 00:53:45', 1, 57),
(53, 'DE JESUS', 'JON SNOW', 2, 1, 'GUINGAWAN TANAUAN LEYTE', 'N/A', '2022-11-08 00:54:07', 1, 57),
(54, 'CORNEJO', 'MENARDO', 32, 1, 'GUINGAWAN TANAUAN LEYTE', 'N/A', '2022-11-08 00:54:29', 1, 57),
(55, 'CORNEJO', 'LENNIE', 34, 2, 'GUINGAWAN TANAUAN LEYTE', 'N/A', '2022-11-08 00:54:49', 1, 57),
(56, 'CORNEJO', 'LENNIEL', 9, 2, 'GUINGAWAN TANAUAN LEYTE', 'N/A', '2022-11-08 00:55:31', 1, 57),
(57, 'CORNEJO', 'PRINCESS MAY', 7, 2, 'GUINGAWAN TANAUAN LEYTE', 'N/A', '2022-11-08 00:55:59', 1, 57),
(58, 'CORNEJO', 'PRINCE LENARD', 5, 1, 'GUINGAWAN TANAUAN LEYTE', 'N/A', '2022-11-08 00:56:25', 1, 57),
(59, 'CALIBO', 'PORPERIO', 44, 1, 'GUINGAWAN TANAUAN LEYTE', 'N/A', '2022-11-08 00:56:52', 1, 57),
(60, 'CORNEJO', 'JEFFREY', 32, 1, 'GUINGAWAN TANAUAN LEYTE', 'N/A', '2022-11-08 00:57:21', 1, 57),
(61, 'MENIANO', 'KAREN', 30, 2, 'GUINGAWAN TANAUAN LEYTE', 'N/A', '2022-11-08 00:57:50', 1, 57),
(62, 'CORNEJO', 'CLOEY VONNE', 11, 2, 'GUINGAWAN TANAUAN LEYTE', 'N/A', '2022-11-08 00:58:20', 1, 57),
(63, 'CORNEJO', 'ALTHEA', 9, 2, 'GUINGAWAN TANAUAN LEYTE', 'N/A', '2022-11-08 00:58:42', 1, 57),
(64, 'CORNEJO', 'FELIX', 72, 1, 'GUINGAWAN TANAUAN LEYTE', 'N/A', '2022-11-08 00:59:06', 1, 57),
(65, 'BRITON', 'ESTRELLA ', 58, 2, 'GUINGAWAN TANAUAN LEYTE', 'N/A', '2022-11-08 00:59:29', 1, 57),
(66, 'BRITON', 'RONALD', 20, 1, 'GUINGAWAN TANAUAN LEYTE', 'N/A', '2022-11-08 00:59:53', 1, 57),
(67, 'BRITON', 'ROLDAN', 20, 1, 'GUINGAWAN TANAUAN LEYTE', 'N/A', '2022-11-08 01:00:12', 1, 57),
(68, 'MAQUINCIO', 'MARICEL', 17, 2, 'GUINGAWAN TANAUAN LEYTE', 'N/A', '2022-11-08 01:00:35', 1, 57),
(69, 'CABIOC ', 'REX', 12, 1, 'GUINGAWAN TANAUAN LEYTE', 'N/A', '2022-11-08 01:01:10', 1, 57),
(70, 'BRITON', 'ROBIN', 23, 1, 'GUINGAWAN TANAUAN LEYTE', 'N/A', '2022-11-08 01:01:37', 1, 57),
(71, 'LUNTAGA ', 'DEIRDREE', 21, 2, 'GUINGAWAN TANAUAN LEYTE', 'N/A', '2022-11-08 01:02:07', 1, 57),
(72, 'LUNTAGA ', 'RACHELLE', 1, 2, 'GUINGAWAN TANAUAN LEYTE', 'N/A', '2022-11-08 01:02:38', 1, 57),
(73, 'BADANA ', 'EDWIN', 52, 1, 'GUINGAWAN TANAUAN LEYTE', 'N/A', '2022-11-08 01:02:59', 1, 57),
(74, 'BADANA ', 'CERLINA', 58, 2, 'GUINGAWAN TANAUAN LEYTE', 'N/A', '2022-11-08 01:03:23', 1, 57),
(75, 'BADANA ', 'HAROLD', 22, 1, 'GUINGAWAN TANAUAN LEYTE', 'N/A', '2022-11-08 01:03:44', 1, 57),
(76, 'BADANA ', 'GERALDINE', 21, 2, 'GUINGAWAN TANAUAN LEYTE', 'N/A', '2022-11-08 01:04:23', 1, 57),
(77, 'VILLANUEVA', 'GENALYN', 36, 2, 'GUINGAWAN TANAUAN LEYTE', 'N/A', '2022-11-08 01:05:14', 1, 57),
(78, 'VILLANUEVA', 'PRINCESS NINA ', 12, 2, 'GUINGAWAN TANAUAN LEYTE', 'N/A', '2022-11-08 01:06:18', 1, 57),
(79, 'VILLANUEVA', 'NHIGEL JAMES', 11, 1, 'GUINGAWAN TANAUAN LEYTE', 'N/A', '2022-11-08 01:06:55', 1, 57),
(80, 'VILLANUEVA', 'GIAN VON ISAAC', 2, 1, 'GUINGAWAN TANAUAN LEYTE', 'N/A', '2022-11-08 01:07:19', 1, 57),
(81, 'BOCO', 'DEOLITO', 66, 1, 'GUINGAWAN TANAUAN LEYTE', 'N/A', '2022-11-08 01:09:30', 1, 57),
(82, 'RELLONA', 'EVANGELINE', 48, 2, 'GUINGAWAN TANAUAN LEYTE', 'N/A', '2022-11-08 01:09:58', 1, 57),
(83, 'RELLONA', 'JESSA', 19, 2, 'GUINGAWAN TANAUAN LEYTE', 'N/A', '2022-11-08 01:10:20', 1, 57),
(84, 'CABIOC', 'FRANCISCO', 41, 1, 'GUINGAWAN TANAUAN LEYTE', 'N/A', '2022-11-08 01:11:02', 1, 57),
(85, 'RICABORDA', 'MA. LIEZEL JANE', 38, 2, 'GUINGAWAN TANAUAN LEYTE', 'N/A', '2022-11-08 01:11:32', 1, 57),
(86, 'CABIOC', 'LYKA', 13, 2, 'GUINGAWAN TANAUAN LEYTE', 'N/A', '2022-11-08 01:11:56', 1, 57),
(87, 'CABIOC', 'MATT DASTIN', 11, 1, 'GUINGAWAN TANAUAN LEYTE', 'N/A', '2022-11-08 01:12:27', 1, 57),
(88, 'CABIOC', 'LEA MAY', 9, 2, 'GUINGAWAN TANAUAN LEYTE', 'N/A', '2022-11-08 01:12:51', 1, 57),
(89, 'CABIOC', 'HANNA SCARLET', 4, 2, 'GUINGAWAN TANAUAN LEYTE', 'N/A', '2022-11-08 01:13:22', 1, 57),
(90, 'OLARES', 'BENEDICTO', 64, 1, 'GUINGAWAN TANAUAN LEYTE', 'N/A', '2022-11-08 01:13:50', 1, 57),
(91, 'OLARES', 'EVANGELINE', 62, 2, 'GUINGAWAN TANAUAN LEYTE', 'N/A', '2022-11-08 01:14:13', 1, 57),
(92, 'OLARES', 'DHARYL', 20, 1, 'GUINGAWAN TANAUAN LEYTE', 'N/A', '2022-11-08 01:14:34', 1, 57),
(93, 'OLARES', 'MARK DAVE', 20, 1, 'GUINGAWAN TANAUAN LEYTE', 'N/A', '2022-11-08 01:14:58', 1, 57),
(94, 'OLARES', 'KEVIN', 25, 1, 'GUINGAWAN TANAUAN LEYTE', 'N/A', '2022-11-08 01:15:27', 1, 57),
(95, 'DE PAZ', 'DONNA MAE', 17, 2, 'GUINGAWAN TANAUAN LEYTE', 'N/A', '2022-11-08 01:15:54', 1, 57),
(96, 'PINGCA', 'ROBERT', 31, 1, 'GUINGAWAN TANAUAN LEYTE', 'N/A', '2022-11-08 01:16:22', 1, 57),
(97, 'PINGCA', 'IRENE', 34, 2, 'GUINGAWAN TANAUAN LEYTE', 'N/A', '2022-11-08 01:16:52', 1, 57),
(98, 'OLARES', 'DARBEN', 32, 1, 'GUINGAWAN TANAUAN LEYTE', 'N/A', '2022-11-08 01:17:11', 1, 57),
(99, 'SALVE', 'AIZEL', 24, 2, 'GUINGAWAN TANAUAN LEYTE', 'N/A', '2022-11-08 01:17:38', 1, 57),
(100, 'OLARES', 'DIONESA', 27, 2, 'GUINGAWAN TANAUAN LEYTE', 'N/A', '2022-11-08 01:18:01', 1, 57),
(101, 'GUARIN ', 'JUSTIN JADE', 4, 1, 'GUINGAWAN TANAUAN LEYTE', 'N/A', '2022-11-08 01:18:30', 1, 57),
(102, 'CESAR', 'ERNESTO', 27, 1, 'GUINGAWAN TANAUAN LEYTE', 'N/A', '2022-11-08 01:18:56', 1, 57),
(103, 'OLARES', 'DULCE', 30, 2, 'GUINGAWAN TANAUAN LEYTE', 'N/A', '2022-11-08 01:19:19', 1, 57),
(104, 'OLARES', 'CARL ', 8, 1, 'GUINGAWAN TANAUAN LEYTE', 'N/A', '2022-11-08 01:19:47', 1, 57),
(105, 'CESAR', 'ERNEST BENEDICT', 4, 1, 'GUINGAWAN TANAUAN LEYTE', 'N/A', '2022-11-08 01:20:25', 1, 57),
(106, 'TANGPUZ', 'MARCOS', 52, 1, 'GUINGAWAN TANAUAN LEYTE', 'N/A', '2022-11-08 01:20:52', 1, 57),
(107, 'OLARES', 'DONNAH', 40, 2, 'GUINGAWAN TANAUAN LEYTE', 'N/A', '2022-11-08 01:21:15', 1, 57),
(108, 'DE PAZ', 'DAISYRIE', 15, 2, 'GUINGAWAN TANAUAN LEYTE', 'N/A', '2022-11-08 01:21:43', 1, 57),
(109, 'DE PAZ', 'MARY DRED', 14, 2, 'GUINGAWAN TANAUAN LEYTE', 'N/A', '2022-11-08 01:22:52', 1, 57),
(110, 'TANGPUZ', 'AZZCIAH ZANE', 4, 2, 'GUINGAWAN TANAUAN LEYTE', 'N/A', '2022-11-08 01:23:29', 1, 57),
(111, 'TANGPUZ', 'CHARMILLE SHINE', 14, 2, 'GUINGAWAN TANAUAN LEYTE', 'N/A', '2022-11-08 01:24:15', 1, 57),
(112, 'TANGPUZ', 'MARCOS', 2, 1, 'GUINGAWAN TANAUAN LEYTE', 'N/A', '2022-11-08 01:24:38', 1, 57),
(113, 'TANGPUZ', 'KRIZZNAH', 1, 1, 'GUINGAWAN TANAUAN LEYTE', 'N/A', '2022-11-08 01:25:08', 1, 57),
(114, 'TOLIBAS', 'ALBERT', 42, 1, 'GUINGAWAN TANAUAN LEYTE', 'N/A', '2022-11-08 01:25:33', 1, 57),
(115, 'TOLIBAS', 'IRENE', 43, 2, 'GUINGAWAN TANAUAN LEYTE', 'N/A', '2022-11-08 01:25:52', 1, 57),
(116, 'TOLIBAS ', 'PRECIOUS JAIRAH', 10, 2, 'GUINGAWAN TANAUAN LEYTE', 'N/A', '2022-11-08 01:26:25', 1, 57),
(117, 'TOLIBAS ', 'DEXTER ', 45, 1, 'GUINGAWAN TANAUAN LEYTE', 'N/A', '2022-11-08 01:26:58', 1, 57),
(118, 'TOLIBAS', 'DAN ', 41, 1, 'GUINGAWAN TANAUAN LEYTE', 'N/A', '2022-11-08 01:27:26', 1, 57),
(119, 'TOLIBAS', 'EMERSON', 24, 1, 'GUINGAWAN TANAUAN LEYTE', 'N/A', '2022-11-08 01:27:45', 1, 57),
(120, 'TOLIBAS', 'ZOILO ', 52, 1, 'GUINGAWAN TANAUAN LEYTE', 'N/A', '2022-11-08 01:28:12', 1, 57),
(121, 'NONAY', 'RODOLFO', 75, 1, 'GUINGAWAN TANAUAN LEYTE', 'N/A', '2022-11-08 01:28:40', 1, 57),
(122, 'NONAY', 'CRISENCIA', 72, 2, 'GUINGAWAN TANAUAN LEYTE', 'N/A', '2022-11-08 01:29:01', 1, 57),
(123, 'CORNEJO', 'EUGINIA', 71, 2, 'GUINGAWAN TANAUAN LEYTE', 'N/A', '2022-11-08 01:29:29', 1, 57),
(124, 'RELLAMA', 'REYNALDO', 54, 1, 'GUINGAWAN TANAUAN LEYTE', 'N/A', '2022-11-08 01:29:49', 1, 57),
(125, 'COTIPAR', 'FLORA', 51, 2, 'GUINGAWAN TANAUAN LEYTE', 'N/A', '2022-11-08 01:30:07', 1, 57),
(126, 'RELLAMA', 'ZALDY', 27, 1, 'GUINGAWAN TANAUAN LEYTE', 'N/A', '2022-11-08 01:30:31', 1, 57),
(127, 'RELLAMA', 'CHRISTIAN', 25, 1, 'GUINGAWAN TANAUAN LEYTE', 'N/A', '2022-11-08 01:30:53', 1, 57),
(128, 'RELLAMA', 'LITO', 23, 1, 'GUINGAWAN TANAUAN LEYTE', 'N/A', '2022-11-08 01:31:35', 1, 57),
(129, 'CAMOSE', 'ARMANDO', 48, 1, 'GUINGAWAN TANAUAN LEYTE', 'N/A', '2022-11-08 01:31:58', 1, 57),
(130, 'CAMOSE', 'MARECEL', 45, 2, 'GUINGAWAN TANAUAN LEYTE', 'N/A', '2022-11-08 01:32:20', 1, 57),
(131, 'CAMOSE', 'MA. SHERRY', 26, 2, 'GUINGAWAN TANAUAN LEYTE', 'N/A', '2022-11-08 01:32:45', 1, 57),
(132, 'CAMOSE', 'DAIZON', 21, 1, 'GUINGAWAN TANAUAN LEYTE', 'N/A', '2022-11-08 01:33:08', 1, 57),
(133, 'CAMOSE', 'TWENKLE', 17, 2, 'GUINGAWAN TANAUAN LEYTE', 'N/A', '2022-11-08 01:33:43', 1, 57),
(134, 'CAMOSE', 'MARK JHON PAUL', 7, 1, 'GUINGAWAN TANAUAN LEYTE', 'N/A', '2022-11-08 01:34:12', 1, 57),
(135, 'TRADEO', 'JHONREY', 29, 1, 'GUINGAWAN TANAUAN LEYTE', 'N/A', '2022-11-08 01:34:38', 1, 57),
(136, 'BALING', 'ALMA', 24, 2, 'GUINGAWAN TANAUAN LEYTE', 'N/A', '2022-11-08 01:35:00', 1, 57),
(137, 'TRADEO', 'PEARL DEVONNE', 8, 2, 'GUINGAWAN TANAUAN LEYTE', 'N/A', '2022-11-08 01:35:32', 1, 57),
(138, 'TRADEO', 'VAN KASHER', 4, 1, 'GUINGAWAN TANAUAN LEYTE', 'N/A', '2022-11-08 01:36:17', 1, 57),
(139, 'BETASOLO', 'ARNEL', 37, 1, 'GUINGAWAN TANAUAN LEYTE', 'N/A', '2022-11-08 01:36:40', 1, 57),
(140, 'BETASOLO', 'NARCISA', 36, 2, 'GUINGAWAN TANAUAN LEYTE', 'N/A', '2022-11-08 01:37:09', 1, 57),
(141, 'BETASOLO', 'ARVIN', 15, 1, 'GUINGAWAN TANAUAN LEYTE', 'N/A', '2022-11-08 01:37:39', 1, 57),
(142, 'BETASOLO', 'ARKIN', 12, 1, 'GUINGAWAN TANAUAN LEYTE', 'N/A', '2022-11-08 01:38:14', 1, 57),
(143, 'SANTOS', 'JOVAN', 15, 1, 'GUINGAWAN TANAUAN LEYTE', 'N/A', '2022-11-08 01:38:42', 1, 57),
(144, 'RAMOS', 'ANTONIO', 40, 1, 'GUINGAWAN TANAUAN LEYTE', 'N/A', '2022-11-08 01:39:20', 1, 57),
(145, 'RAMOS', 'MARY CLAIRE', 36, 2, 'GUINGAWAN TANAUAN LEYTE', 'N/A', '2022-11-08 01:39:43', 1, 57),
(146, 'RAMOS', 'CARL ANTHONY', 11, 1, 'GUINGAWAN TANAUAN LEYTE', 'N/A', '2022-11-08 01:40:03', 1, 57),
(147, 'RAMOS', 'COLEEN', 5, 2, 'GUINGAWAN TANAUAN LEYTE', 'N/A', '2022-11-08 01:40:26', 1, 57),
(148, 'GERILLA', 'CANDELARIA', 69, 2, 'GUINGAWAN TANAUAN LEYTE', 'N/A', '2022-11-08 01:40:53', 1, 57),
(149, 'ESPINA', 'JOHNNY', 32, 1, 'GUINGAWAN TANAUAN LEYTE', 'N/A', '2022-11-08 01:41:26', 1, 57),
(150, 'BUSI', 'JUDITH', 49, 2, 'GUINGAWAN TANAUAN LEYTE', 'N/A', '2022-11-08 01:41:48', 1, 57),
(151, 'RUBAS', 'JINA BUSI', 16, 2, 'GUINGAWAN TANAUAN LEYTE', 'N/A', '2022-11-08 01:42:25', 1, 57),
(152, 'MAGAYONES', 'MARIEL', 14, 2, 'GUINGAWAN TANAUAN LEYTE', 'N/A', '2022-11-08 01:42:45', 1, 57),
(153, 'VERONA', 'NESTOR', 64, 1, 'GUINGAWAN TANAUAN LEYTE', 'N/A', '2022-11-08 01:43:09', 1, 57),
(154, 'VERONA', 'LEONCIA', 63, 2, 'GUINGAWAN TANAUAN LEYTE', 'N/A', '2022-11-08 01:43:38', 1, 57),
(155, 'VERONA', 'MAY JOY', 22, 2, 'GUINGAWAN TANAUAN LEYTE', 'N/A', '2022-11-08 01:44:00', 1, 57),
(156, 'VERONA', 'GODWIN', 14, 1, 'GUINGAWAN TANAUAN LEYTE', 'N/A', '2022-11-08 01:44:24', 1, 57),
(157, 'VERONA', 'EDGARDO', 53, 1, 'GUINGAWAN TANAUAN LEYTE', 'N/A', '2022-11-08 01:44:46', 1, 57),
(158, 'BETASOLO', 'LOWRENCE', 45, 1, 'GUINGAWAN TANAUAN LEYTE', 'N/A', '2022-11-08 01:45:16', 1, 57),
(159, 'VERONA', 'NELIA', 40, 2, 'GUINGAWAN TANAUAN LEYTE', 'N/A', '2022-11-08 01:45:49', 1, 57),
(160, 'BETASOLO', 'JHON LAURENCE', 15, 1, 'GUINGAWAN TANAUAN LEYTE', 'N/A', '2022-11-08 01:46:16', 1, 57),
(161, 'MASUBAY', 'DANNY', 32, 1, 'GUINGAWAN TANAUAN LEYTE', 'N/A', '2022-11-08 01:46:40', 1, 57),
(162, 'MASUBAY', 'BABYLYN', 31, 2, 'GUINGAWAN TANAUAN LEYTE', 'N/A', '2022-11-08 01:47:11', 1, 57),
(163, 'MASUBAY', 'GARITH DWAYNE', 7, 1, 'GUINGAWAN TANAUAN LEYTE', 'N/A', '2022-11-08 01:47:40', 1, 57),
(164, 'MASUBAY', 'KRYZ', 3, 1, 'GUINGAWAN TANAUAN LEYTE', 'N/A', '2022-11-08 01:48:00', 1, 57),
(165, 'ESPINA', 'FRANCISCO TRAPILA', 55, 1, 'GUINGAWAN TANAUAN LEYTE', 'N/A', '2022-11-08 01:48:34', 1, 57),
(166, 'MISAGAL', 'KENNY', 19, 1, 'GUINGAWAN TANAUAN LEYTE', 'N/A', '2022-11-08 01:48:54', 1, 57),
(167, 'ESPINA', 'NIKKO', 18, 1, 'GUINGAWAN TANAUAN LEYTE', 'N/A', '2022-11-08 01:49:17', 1, 57),
(168, 'ESPINA', 'KIM-KIM', 16, 1, 'GUINGAWAN TANAUAN LEYTE', 'N/A', '2022-11-08 01:49:43', 1, 57),
(169, 'ESPINA', 'MARK', 16, 1, 'GUINGAWAN TANAUAN LEYTE ', 'N/A', '2022-11-08 01:50:19', 1, 57),
(170, 'SOLIDOR', 'MARK FRANCIS', 26, 1, 'GUINGAWAN TANAUAN LEYTE', 'N/A', '2022-11-08 01:51:15', 1, 57),
(171, 'GERILLA', 'CARLITO', 49, 1, 'GUINGAWAN TANAUAN LEYTE', 'N/A', '2022-11-08 01:51:44', 1, 57),
(172, 'ACALA', 'EMILY', 24, 2, 'GUINGAWAN TANAUAN LEYTE', 'N/A', '2022-11-08 01:52:06', 1, 57),
(173, 'GERILLA', 'GHIAN', 23, 2, 'GUINGAWAN TANAUAN LEYTE', 'N/A', '2022-11-08 01:52:33', 1, 57),
(174, 'GERILLA', 'GERMAN', 4, 1, 'GUINGAWAN TANAUAN LEYTE', 'N/A', '2022-11-08 01:53:03', 1, 57),
(175, 'ACOP', 'ANALYN', 43, 2, 'GUINGAWAN TANAUAN LEYTE', 'N/A', '2022-11-08 01:53:42', 1, 57),
(176, 'SOYOSA', 'ALDREN', 33, 1, 'GUINGAWAN TANAUAN LEYTE', 'N/A', '2022-11-08 01:54:07', 1, 57),
(177, 'COTIPAR', 'ARMAINE', 28, 2, 'GUINGAWAN TANAUAN LEYTE', 'N/A', '2022-11-08 01:54:30', 1, 57),
(178, 'SOYOSA', 'ASHLEY', 12, 2, 'GUINGAWAN TANAUAN LEYTE', 'N/A', '2022-11-08 01:54:52', 1, 57),
(179, 'SOYOSA', 'ANDREA NICOLE', 10, 2, 'GUINGAWAN TANAUAN LEYTE', 'N/A', '2022-11-08 01:55:25', 1, 57),
(180, 'SOYOSA', 'RENZ', 8, 1, 'GUINGAWAN TANAUAN LEYTE', 'N/A', '2022-11-08 01:55:50', 1, 57),
(181, 'SOYOSA', 'CHENLEE', 5, 2, 'GUINGAWAN TANAUAN LEYTE', 'N/A', '2022-11-08 01:56:11', 1, 57),
(182, 'SOYOSA', 'ALVIN RENZ ', 1, 1, 'GUINGAWAN TANAUAN LEYTE', 'N/A', '2022-11-08 01:56:38', 1, 57),
(183, 'CALIBO', 'FRANCISCO', 53, 1, 'GUINGAWAN TANAUAN LEYTE', 'N/A', '2022-11-08 01:57:29', 1, 57),
(184, 'CALIBO', 'ELSA', 51, 2, 'GUINGAWAN TANAUAN LEYTE', 'N/A', '2022-11-08 01:57:51', 1, 57),
(185, 'CALIBO', 'FRANK WARRE', 29, 1, 'GUINGAWAN TANAUAN LEYTE', 'N/A', '2022-11-08 01:58:17', 1, 57),
(186, 'CALIBO', 'ZAIRINE', 19, 2, 'GUINGAWAN TANAUAN LEYTE', 'N/A', '2022-11-08 01:58:45', 1, 57),
(187, 'CALIBO', 'ZAIRINA', 16, 2, 'GUINGAWAN TANAUAN LEYTE', 'N/A', '2022-11-08 01:59:06', 1, 57),
(188, 'SALAPANG', 'ALINITO', 50, 1, 'GUINGAWAN TANAUAN LEYTE', 'N/A', '2022-11-08 01:59:29', 1, 57),
(189, 'SALAPANG', 'NIKKI', 43, 2, 'GUINGAWAN TANAUAN LEYTE', 'N/A', '2022-11-08 01:59:51', 1, 57),
(190, 'SALAPANG', 'KIM CHRISTIAN', 21, 1, 'GUINGAWAN TANAUAN LEYTE', 'N/A', '2022-11-08 02:00:12', 1, 57),
(191, 'SALAPANG', 'GIAN CARLO', 18, 1, 'GUINGAWAN TANAUAN LEYTE', 'N/A', '2022-11-08 02:00:36', 1, 57),
(192, 'CAMINO', 'FRANCISCO', 72, 1, 'GUINGAWAN TANAUAN LEYTE', 'N/A', '2022-11-08 02:01:06', 1, 57),
(193, 'CAMINO', 'NIDA', 65, 2, 'GUINGAWAN TANAUAN LEYTE', 'N/A', '2022-11-08 02:01:34', 1, 57),
(194, 'CAMINO', 'NOLI', 38, 1, 'GUINGAWAN TANAUAN LEYTE', 'N/A', '2022-11-08 02:02:02', 1, 57),
(195, 'CAMINO', 'NICOLE', 23, 2, 'GUINGAWAN TANAUAN LEYTE', 'N/A', '2022-11-08 02:02:23', 1, 57),
(196, 'NONAY', 'RODRIGO', 49, 1, 'GUINGAWAN TANAUAN LEYTE', 'N/A', '2022-11-08 02:02:48', 1, 57),
(197, 'BALDELOBAR', 'JONATHAN', 20, 1, 'GUINGAWAN TANAUAN LEYTE', 'N/A', '2022-11-08 02:03:12', 1, 57),
(198, 'AVILA', 'KARLIE', 34, 1, 'GUINGAWAN TANAUAN LEYTE ', 'N/A', '2022-11-08 02:03:43', 1, 57),
(199, 'CALIBO', 'BENEDICTO', 49, 1, 'GUINGAWAN TANAUAN LEYTE', 'N/A', '2022-11-08 02:04:11', 1, 57),
(200, 'CALIBO', 'TERSO', 57, 1, 'GUINGAWAN TANAUAN LEYTE', 'N/A', '2022-11-08 02:04:42', 1, 57),
(201, 'CALIBO', 'ALMA', 49, 2, 'GUINGAWAN TANAUAN LEYTE', 'N/A', '2022-11-08 02:05:04', 1, 57),
(202, 'CALIBO', 'JONESSA JOY', 17, 2, 'GUINGAWAN TANAUAN LEYTE', 'N/A', '2022-11-08 02:05:41', 1, 57),
(203, 'CALIBO', 'JHON ICON', 9, 1, 'GUINGAWAN TANAUAN LEYTE', 'N/A', '2022-11-08 02:06:00', 1, 57),
(204, 'CORNEJO', 'LOWEL', 31, 1, 'GUINGAWAN TANAUAN LEYTE', 'N/A', '2022-11-08 02:06:20', 1, 57),
(205, 'REYNERA', 'MARICHU', 30, 2, 'GUINGAWAN TANAUAN LEYTE', 'N/A', '2022-11-08 02:06:41', 1, 57),
(206, 'CORNEJO', 'RICCIJILL', 11, 2, 'GUINGAWAN TANAUAN LEYTE', 'N/A', '2022-11-08 02:07:18', 1, 57),
(207, 'CORNEJO', 'CLARK', 9, 1, 'GUINGAWAN TANAUAN LEYTE', 'N/A', '2022-11-08 02:07:45', 1, 57),
(208, 'CORNEJO', 'SHACK', 3, 1, 'GUINGAWAN TANAUAN LEYTE', 'N/A', '2022-11-08 02:08:12', 1, 57),
(209, 'ABE ', 'DOMINADOR', 29, 1, 'GUINGAWAN TANAUAN LEYTE', 'N/A', '2022-11-08 02:08:38', 1, 57),
(210, 'TRADEO', 'JEAN MARIE', 26, 2, 'GUINGAWAN TANAUAN LEYTE', 'N/A', '2022-11-08 02:08:59', 1, 57),
(211, 'ABE', 'JHANDE', 4, 1, 'GUINGAWAN TANAUAN LEYTE ', 'N/A', '2022-11-08 02:09:23', 1, 57),
(212, 'ABE', 'JHODHAN', 3, 1, 'GUINGAWAN TANAUAN LEYTE ', 'N/A', '2022-11-08 02:09:47', 1, 57),
(213, 'GUEVARAS', 'EDENA', 33, 2, 'GUINGAWAN TANAUAN LEYTE', 'N/A', '2022-11-08 02:10:09', 1, 57),
(214, 'ESPANIA', 'DENNIS', 13, 1, 'GUINGAWAN TANAUAN LEYTE', 'N/A', '2022-11-08 02:10:44', 1, 57),
(215, 'GESMA', 'CJ ', 8, 1, 'GUINGAWAN TANAUAN LEYTE', 'N/A', '2022-11-08 02:11:07', 1, 57),
(216, 'GESMA', 'MA. PRINCESS DIANE', 2, 2, 'GUINGAWAN TANAUAN LEYTE', 'N/A', '2022-11-08 02:11:38', 1, 57),
(217, 'MANASIS', 'EARL JADE', 25, 1, 'GUINGAWAN TANAUAN LEYTE', 'N/A', '2022-11-08 02:12:03', 1, 57),
(218, 'BETASOLO', 'ANACORITA', 78, 2, 'GUINGAWAN TANAUAN LEYTE', 'N/A', '2022-11-08 02:12:27', 1, 57),
(219, 'CORNEJO', 'LOUIE JAY', 26, 1, 'GUINGAWAN TANAUAN LEYTE', 'N/A', '2022-11-08 02:13:03', 1, 57),
(220, 'CORNEJO', 'JANINE ', 23, 2, 'GUINGAWAN TANAUAN LEYTE', 'N/A', '2022-11-08 02:13:21', 1, 57),
(221, 'BETASOLO', 'MONICA', 24, 2, 'GUINGAWAN TANAUAN LEYTE', 'N/A', '2022-11-08 02:13:41', 1, 57),
(222, 'ATENTA', 'ELESIO', 60, 1, 'GUINGAWAN TANAUAN LEYTE', 'N/A', '2022-11-08 02:14:21', 1, 57),
(223, 'ATENTA', 'LORNA', 62, 2, 'GUINGAWAN TANAUAN LEYTE', 'N/A', '2022-11-08 02:14:43', 1, 57),
(224, 'TISMO', 'JUHNALOR', 41, 2, 'GUINGAWAN TANAUAN LEYTE', 'N/A', '2022-11-08 02:15:10', 1, 57),
(225, 'TISMO', 'EXEQUIL', 12, 1, 'GUINGAWAN TANAUAN LEYTE', 'N/A', '2022-11-08 02:15:41', 1, 57),
(226, 'TISMO', 'ELIANAH BRIANNA', 11, 2, 'GUINGAWAN TANAUAN LEYTE', 'N/A', '2022-11-08 02:16:12', 1, 57),
(227, 'ROMO', 'JOSILITO', 40, 1, 'GUINGAWAN TANAUAN LEYTE', 'N/A', '2022-11-08 02:16:35', 1, 57),
(228, 'ROMO', 'JOANALOR', 34, 2, 'GUINGAWAN TANAUAN LEYTE', 'N/A', '2022-11-08 02:16:59', 1, 57),
(229, 'ROMO', 'HELARY AVRIL', 14, 1, 'GUINGAWAN TANAUAN LEYTE', 'N/A', '2022-11-08 02:17:25', 1, 57),
(230, 'ROMO', 'JHONLYIR ELIZETHE', 12, 1, 'GUINGAWAN TANAUAN LEYTE', 'N/A', '2022-11-08 02:18:13', 1, 57),
(231, 'ROMO', 'JHOVRIELLE', 1, 2, 'GUINGAWAN TANAUAN LEYTE', 'N/A', '2022-11-08 02:18:40', 1, 57),
(232, 'GOLONG', 'BENJIE BOY', 33, 1, 'GUINGAWAN TANAUAN LEYTE', 'N/A', '2022-11-08 02:19:12', 1, 57),
(233, 'AVILA', 'ADEZA', 33, 2, 'GUINGAWAN TANAUAN LEYTE', 'N/A', '2022-11-08 02:19:31', 1, 57),
(234, 'AVILA', 'FIDEL', 70, 1, 'GUINGAWAN TANAUAN LEYTE', 'N/A', '2022-11-08 02:19:54', 1, 57),
(235, 'AVILA', 'BRIGIDA', 72, 2, 'GUINGAWAN TANAUAN LEYTE', 'N/A', '2022-11-08 02:20:15', 1, 57),
(236, 'AVILA', 'ALMIRA', 29, 2, 'GUINGAWAN TANAUAN LEYTE ', 'N/A', '2022-11-08 02:20:52', 1, 57),
(237, 'AVILA', 'ELIJAH SAIGE', 1, 1, 'GUINGAWAN TANAUAN LEYTE', 'N/A', '2022-11-08 02:21:23', 1, 57),
(238, 'TIZON', 'MARK', 28, 1, 'GUINGAWAN TANAUAN LEYTE', 'N/A', '2022-11-08 02:21:52', 1, 57),
(239, 'GUEVARAS', 'LEONORA', 24, 2, 'GUINGAWAN TANAUAN LEYTE', 'N/A', '2022-11-08 02:22:17', 1, 57),
(240, 'TIZON', 'CHRISTIAN PAUL', 8, 2, 'GUINGAWAN TANAUAN LEYTE', 'N/A', '2022-11-08 02:23:05', 1, 57),
(241, 'TIZON', 'MARK LEO', 5, 2, 'GUINGAWAN TANAUAN LEYTE', 'N/A', '2022-11-08 02:23:26', 1, 57),
(242, 'GUEVARAS', 'LILIA', 65, 2, 'GUINGAWAN TANAUAN LEYTE', 'N/A', '2022-11-08 02:24:06', 1, 57),
(243, 'AGUSTO', 'LUCIO', 47, 1, 'GUINGAWAN TANAUAN LEYTE', 'N/A', '2022-11-08 02:25:08', 1, 57),
(244, 'ESCANA', 'MALOU', 39, 2, 'GUINGAWAN TANAUAN LEYTE', 'N/A', '2022-11-08 02:25:36', 1, 57),
(245, 'AGUSTO', 'LEO JAKE', 21, 1, 'GUINGAWAN TANAUAN LEYTE', 'N/A', '2022-11-08 02:26:00', 1, 57),
(246, 'AGUSTO', 'RHEA MAE', 17, 2, 'GUINGAWAN TANAUAN LEYTE', 'N/A', '2022-11-08 02:26:27', 1, 57),
(247, 'AGUSTO', 'LHAIZA MAE', 15, 2, 'GUINGAWAN TANAUAN LEYTE', 'N/A', '2022-11-08 02:27:17', 1, 57),
(248, 'AGOSTO', 'LUCIA', 80, 2, 'GUINGAWAN TANAUAN LEYTE', 'N/A', '2022-11-08 11:18:53', 1, 57),
(249, 'BALDERIAN', 'RANDY SR.', 46, 1, 'GUINGAWAN TANAUAN LEYTE', 'N/A', '2022-11-08 11:19:28', 1, 57),
(250, 'AGUSTO', 'ESTRELITA', 36, 2, 'GUINGAWAN TANAUAN LEYTE', 'N/A', '2022-11-08 11:20:00', 1, 57),
(251, 'AGUSTO ', 'ANADEL', 15, 2, 'GUINGAWAN TANAUAN LEYTE', 'N/A', '2022-11-08 11:20:33', 1, 57),
(252, 'BALDERIAN', 'RANDY', 12, 1, 'GUINGAWAN TANAUAN LEYTE', 'N/A', '2022-11-08 11:21:26', 1, 57),
(253, 'BALDERIAN', 'RANIELDALE', 11, 2, 'GUINGAWAN TANAUAN LEYTE', 'N/A', '2022-11-08 11:22:04', 1, 57),
(254, 'BALDERIAN', 'RIZEL', 8, 2, 'GUINGAWAN TANAUAN LEYTE', 'N/A', '2022-11-08 11:22:30', 1, 57),
(255, 'BALDERIAN', 'KATHLYN', 2, 2, 'GUINGAWAN TANAUAN LEYTE', 'N/A', '2022-11-08 11:23:35', 1, 57),
(256, 'CAMINO', 'ELSA', 69, 2, 'GUINGAWAN TANAUAN LEYTE', 'N/A', '2022-11-08 11:24:13', 1, 57),
(257, 'BURSON', 'JESUS', 49, 1, 'GUINGAWAN TANAUAN LEYTE', 'N/A', '2022-11-08 11:25:06', 1, 57),
(258, 'REGAÑA', 'MARICRIS', 48, 2, 'GUINGAWAN TANAUAN LEYTE', 'N/A', '2022-11-08 11:26:24', 1, 57),
(259, 'REGAÑA', 'PEARL DANIELLE', 21, 2, 'GUINGAWAN TANAUAN LEYTE', 'N/A', '2022-11-08 11:27:17', 1, 57),
(260, 'REGAÑA', 'NICOLE', 20, 2, 'GUINGAWAN TANAUAN LEYTE', 'N/A', '2022-11-08 11:27:43', 1, 57),
(261, 'REGAÑA', 'JHONELL', 19, 1, 'GUINGAWAN TANAUAN LEYTE', 'N/A', '2022-11-08 11:28:06', 1, 57),
(262, 'GERILLA', 'LEODEGARIO', 66, 1, 'GUINGAWAN TANAUAN LEYTE', 'N/A', '2022-11-08 11:28:40', 1, 57),
(263, 'GERILLA', 'LOLITA', 62, 2, 'GUINGAWAN TANAUAN LEYTE', 'N/A', '2022-11-08 11:29:05', 1, 57),
(264, 'GERILLA', 'LEODEGARIO JR.', 42, 1, 'GUINGAWAN TANAUAN LEYTE', 'N/A', '2022-11-08 11:29:31', 1, 57),
(265, 'BANTULA', 'JUNMARS', 35, 1, 'GUINGAWAN TANAUAN LEYTE', 'N/A', '2022-11-08 11:30:03', 1, 57),
(266, 'TOLIBAS', 'FLORICHELL', 30, 1, 'GUINGAWAN TANAUAN LEYTE', 'N/A', '2022-11-08 11:30:29', 1, 57),
(267, 'TOLIBAS', 'JEAMER', 6, 2, 'GUINGAWAN TANAUAN LEYTE', 'N/A', '2022-11-08 11:31:10', 1, 57),
(268, 'BANTULA', 'JEMAR', 5, 1, 'GUINGAWAN TANAUAN LEYTE', 'N/A', '2022-11-08 11:31:31', 1, 57),
(269, 'BANTULA', 'SOLEDAD', 81, 2, 'GUINGAWAN TANAUAN LEYTE', 'N/A', '2022-11-08 11:31:50', 1, 57),
(270, 'BANTULA', 'MARICHU', 42, 2, 'GUINGAWAN TANAUAN LEYTE', 'N/A', '2022-11-08 11:32:13', 1, 57),
(271, 'MENIANO', 'CESARIO', 65, 1, 'GUINGAWAN TANAUAN LEYTE', 'N/A', '2022-11-08 11:36:42', 1, 57),
(272, 'MENIANO', 'EVELINA', 61, 2, 'GUINGAWAN TANAUAN LEYTE', 'N/A', '2022-11-08 11:37:06', 1, 57),
(273, 'AVILA', 'REYNALDO', 58, 1, 'GUINGAWAN TANAUAN LEYTE', 'N/A', '2022-11-08 11:37:31', 1, 57),
(274, 'AVILA', 'VINA', 57, 2, 'GUINGAWAN TANAUAN LEYTE', 'N/A', '2022-11-08 11:37:58', 1, 57),
(275, 'AVILA', 'KARLIE', 34, 1, 'GUINGAWAN TANAUAN LEYTE', 'N/A', '2022-11-08 11:38:17', 1, 57),
(276, 'AVILA', 'KATRINA', 31, 2, 'GUINGAWAN TANAUAN LEYTE', 'N/A', '2022-11-08 11:38:36', 1, 57),
(277, 'AVILA', 'KEITH', 26, 1, 'GUINGAWAN TANAUAN LEYTE', 'N/A', '2022-11-08 11:38:56', 1, 57),
(278, 'AVILA', 'KRISTLE RIGINE', 24, 2, 'GUINGAWAN TANAUAN LEYTE', 'N/A', '2022-11-08 11:39:21', 1, 57),
(279, 'AVILA', 'REVIN JHON', 17, 1, 'GUINGAWAN TANAUAN LEYTE', 'N/A', '2022-11-08 11:39:43', 1, 57),
(280, 'AVILA', 'ABIAH', 3, 2, 'GUINGAWAN TANAUAN LEYTE', 'N/A', '2022-11-08 11:40:07', 1, 57),
(281, 'AVILA', 'KENN GENE', 32, 1, 'GUINGAWAN TANAUAN LEYTE', 'N/A', '2022-11-08 11:40:33', 1, 57),
(282, 'CORNEJO', 'CRISOLOGO', 72, 1, 'GUINGAWAN TANAUAN LEYTE', 'N/A', '2022-11-08 11:41:02', 1, 57),
(283, 'CORNEJO', 'ELENA', 74, 2, 'GUINGAWAN TANAUAN LEYTE', 'N/A', '2022-11-08 11:41:20', 1, 57),
(284, 'DAMME', 'MA. ANTONETTE', 42, 2, 'GUINGAWAN TANAUAN LEYTE', 'N/A', '2022-11-08 11:41:52', 1, 57),
(285, 'DAMME', 'THOMAS', 68, 1, 'GUINGAWAN TANAUAN LEYTE', 'N/A', '2022-11-08 11:42:17', 1, 57),
(286, 'MAGTABOG', 'BERNARDITA', 74, 2, 'GUINGAWAN TANAUAN LEYTE', 'N/A', '2022-11-08 11:43:04', 1, 57),
(287, 'MAGTABOG', 'BEIN VENIDO', 32, 1, 'GUINGAWAN TANAUAN LEYTE', 'N/A', '2022-11-08 11:43:43', 1, 57),
(288, 'ASIS', 'JESSA MARIE', 34, 2, 'GUINGAWAN TANAUAN LEYTE', 'N/A', '2022-11-08 11:44:28', 1, 57),
(289, 'ASIS', 'KIM ASTORGA', 46, 1, 'GUINGAWAN TANAUAN LEYTE', 'N/A', '2022-11-08 11:45:21', 1, 57),
(290, 'ASIS', 'SHAN KIM', 15, 1, 'GUINGAWAN TANAUAN LEYTE', 'N/A', '2022-11-08 11:45:49', 1, 57),
(291, 'ASIS', 'JYLES KESTER', 11, 1, 'GUINGAWAN TANAUAN LEYTE', 'N/A', '2022-11-08 11:46:15', 1, 57),
(292, 'ASIS', 'AYESHA KENRA', 6, 2, 'GUINGAWAN TANAUAN LEYTE', 'N/A', '2022-11-08 11:46:38', 1, 57),
(293, 'GARCIA', 'ROBERTO', 76, 1, 'GUINGAWAN TANAUAN LEYTE', 'N/A', '2022-11-08 11:47:11', 1, 57),
(294, 'GARCIA', 'ROBETH', 42, 2, 'GUINGAWAN TANAUAN LEYTE', 'N/A', '2022-11-08 11:47:40', 1, 57),
(295, 'CORNEJO', 'BERNARDO', 63, 1, 'GUINGAWAN TANAUAN LEYTE', 'N/A', '2022-11-08 11:48:14', 1, 57),
(296, 'CORNEJO', 'PAUL BERNARD', 34, 1, 'GUINGAWAN TANAUAN LEYTE', 'N/A', '2022-11-08 11:48:42', 1, 57),
(297, 'CORNEJO', 'CHARLIE', 30, 1, 'GUINGAWAN TANAUAN LEYTE', 'N/A', '2022-11-08 11:49:04', 1, 57),
(298, 'CORNEJO', 'SHERRY MAE', 28, 2, 'GUINGAWAN TANAUAN LEYTE', 'N/A', '2022-11-08 11:49:27', 1, 57),
(299, 'CORNEJO', 'CARLO', 30, 1, 'GUINGAWAN TANAUAN LEYTE', 'N/A', '2022-11-08 11:49:54', 1, 57),
(300, 'BUDAÑO', ' EMELINO', 51, 1, 'GUINGAWAN TANAUAN LEYTE', 'N/A', '2022-11-08 11:51:21', 1, 57),
(301, 'BUDAÑO', 'EMALYN', 25, 2, 'GUINGAWAN TANAUAN LEYTE', 'N/A', '2022-11-08 11:51:40', 1, 57),
(302, 'BUDAÑO', 'AARON', 21, 1, 'GUINGAWAN TANAUAN LEYTE', 'N/A', '2022-11-08 11:51:59', 1, 57),
(303, 'TOLIBAS', 'EUSTAQIA', 63, 2, 'GUINGAWAN TANAUAN LEYTE', 'N/A', '2022-11-08 11:53:11', 1, 57),
(304, 'DE PAZ', 'HAIDE', 24, 2, 'GUINGAWAN TANAUAN LEYTE', 'N/A', '2022-11-08 11:54:01', 1, 57),
(305, 'TOLIBAS', 'LUCIA', 65, 2, 'GUINGAWAN TANAUAN LEYTE', 'N/A', '2022-11-08 11:54:25', 1, 57),
(306, 'BETASOLO', 'REYNALDO', 29, 1, 'GUINGAWAN TANAUAN LEYTE', 'N/A', '2022-11-08 11:54:46', 1, 57),
(307, 'LAGAHIT', 'JUDY ANN', 20, 2, 'GUINGAWAN TANAUAN LEYTE', 'N/A', '2022-11-08 11:55:09', 1, 57),
(308, 'TOLIBAS', 'CLARO', 59, 1, 'GUINGAWAN TANAUAN LEYTE', 'N/A', '2022-11-08 11:55:34', 1, 57),
(309, 'TOLIBAS', 'GINA', 54, 2, 'GUINGAWAN TANAUAN LEYTE', 'N/A', '2022-11-08 11:55:59', 1, 57),
(310, 'TOLIBAS', 'DEVID', 23, 1, 'GUINGAWAN TANAUAN LEYTE', 'N/A', '2022-11-08 11:56:16', 1, 57),
(311, 'BETASOLO', 'PRIMO', 63, 1, 'GUINGAWAN TANAUAN LEYTE', 'N/A', '2022-11-08 11:56:59', 1, 57),
(312, 'BETASOLO', 'CLOTILDE', 66, 2, 'GUINGAWAN TANAUAN LEYTE', 'N/A', '2022-11-08 11:57:22', 1, 57),
(313, 'BETASOLO', 'GENEVIEVE', 27, 2, 'GUINGAWAN TANAUAN LEYTE', 'N/A', '2022-11-08 11:57:44', 1, 57),
(314, 'PONFERADA', 'VIL', 29, 1, 'GUINGAWAN TANAUAN LEYTE', 'N/A', '2022-11-08 11:58:15', 1, 57),
(315, 'PONFERADA', 'BRIX', 7, 1, 'GUINGAWAN TANAUAN LEYTE', 'N/A', '2022-11-08 11:58:40', 1, 57),
(316, 'PONFERADA', 'VENICE', 4, 2, 'GUINGAWAN TANAUAN LEYTE', 'N/A', '2022-11-08 11:59:10', 1, 57),
(317, 'TOLIBAS', 'HELARIO', 52, 1, 'GUINGAWAN TANAUAN LEYTE', 'N/A', '2022-11-08 11:59:35', 1, 57),
(318, 'TOLIBAS', 'MARGARITA', 92, 2, 'GUINGAWAN TANAUAN LEYTE', 'N/A', '2022-11-08 12:00:01', 1, 57),
(319, 'BETASOLO', 'JHON PAUL', 29, 1, 'GUINGAWAN TANAUAN LEYTE', 'N/A', '2022-11-08 12:01:03', 1, 57),
(320, 'TOBE ', 'LORESA', 31, 2, 'GUINGAWAN TANAUAN LEYTE', 'N/A', '2022-11-08 12:02:05', 1, 57),
(321, 'TOLIBAS', 'CERILA', 56, 2, 'GUINGAWAN TANAUAN LEYTE', 'N/A', '2022-11-08 12:02:46', 1, 57),
(322, 'TOLIBAS', 'RUBIN', 21, 1, 'GUINGAWAN TANAUAN LEYTE', 'N/A', '2022-11-08 12:03:05', 1, 57),
(323, 'TOLIBAS ', 'ROSELYN', 30, 2, 'GUINGAWAN TANAUAN LEYTE', 'N/A', '2022-11-08 12:03:33', 1, 57),
(324, 'AVILA', 'SUSAN', 56, 2, 'GUINGAWAN TANAUAN LEYTE', 'N/A', '2022-11-08 12:04:00', 1, 57),
(325, 'AVILA', 'JAKE', 28, 1, 'GUINGAWAN TANAUAN LEYTE', 'N/A', '2022-11-08 12:04:18', 1, 57),
(326, 'AVILA', 'KIMBERLY JEAN', 25, 2, 'GUINGAWAN TANAUAN LEYTE', 'N/A', '2022-11-08 12:04:47', 1, 57),
(327, 'AVILA', 'OLIVER', 16, 1, 'GUINGAWAN TANAUAN LEYTE', 'N/A', '2022-11-08 12:05:35', 1, 57),
(328, 'AVILA', 'REGINO JR.', 26, 1, 'GUINGAWAN TANAUAN LEYTE', 'N/A', '2022-11-08 12:06:04', 1, 57),
(329, 'LAYES', 'ENRIQUE JR.', 12, 1, 'GUINGAWAN TANAUAN LEYTE', 'N/A', '2022-11-08 12:06:33', 1, 57),
(330, 'LAYES', 'ENRIQUE SR.', 36, 1, 'GUINGAWAN TANAUAN LEYTE', 'N/A', '2022-11-08 12:07:04', 1, 57),
(331, 'ALBURO', 'JANSTILL', 32, 1, 'GUINGAWAN TANAUAN LEYTE', 'N/A', '2022-11-08 12:07:52', 1, 57),
(332, 'ALBURO', 'AVIANNA', 1, 2, 'GUINGAWAN TANAUAN LEYTE', 'N/A', '2022-11-08 12:08:27', 1, 57),
(333, 'DE PAZ', 'ASUNCION', 63, 2, 'GUINGAWAN TANAUAN LEYTE', 'N/A', '2022-11-08 12:08:56', 1, 57),
(334, 'DE PAZ', 'ERIKA', 21, 2, 'GUINGAWAN TANAUAN LEYTE', 'N/A', '2022-11-08 12:09:21', 1, 57),
(335, 'HONOR', 'ROSANA', 49, 2, 'GUINGAWAN TANAUAN LEYTE', 'N/A', '2022-11-08 12:09:51', 1, 57),
(336, 'HONOR', 'NELSON', 14, 1, 'GUINGAWAN TANAUAN LEYTE', 'N/A', '2022-11-08 12:10:27', 1, 57),
(337, 'PATENTE', 'FERNANDEL ', 62, 1, 'GUINGAWAN TANAUAN LEYTE', 'N/A', '2022-11-08 12:11:25', 1, 57),
(338, 'PATENTE', 'CAROLINA', 50, 2, 'GUINGAWAN TANAUAN LEYTE', 'N/A', '2022-11-08 12:11:50', 1, 57),
(339, 'PATENTE', 'ZAIRA', 21, 2, 'GUINGAWAN TANAUAN LEYTE', 'N/A', '2022-11-08 12:12:09', 1, 57),
(340, 'BANTULA', 'MARIAN', 7, 2, 'GUINGAWAN TANAUAN LEYTE', 'N/A', '2022-11-08 12:12:38', 1, 57),
(341, 'BANTULA', 'RAFAEL', 82, 1, 'GUINGAWAN TANAUAN LEYTE', 'N/A', '2022-11-08 12:13:13', 1, 57),
(342, 'BANTULA', 'EMELITA', 85, 2, 'GUINGAWAN TANAUAN LEYTE', 'N/A', '2022-11-08 12:13:42', 1, 57),
(343, 'BANTULA', 'JOEY', 43, 1, 'GUINGAWAN TANAUAN LEYTE', 'N/A', '2022-11-08 12:14:42', 1, 57),
(344, 'BANTULA', 'ARLENE', 39, 2, 'GUINGAWAN TANAUAN LEYTE', 'N/A', '2022-11-08 12:15:04', 1, 57),
(345, 'BANTULA', 'STEVENSON', 20, 1, 'GUINGAWAN TANAUAN LEYTE', 'N/A', '2022-11-08 12:15:35', 1, 57),
(346, 'BANTULA', 'JHON MICHAEL', 17, 1, 'GUINGAWAN TANAUAN LEYTE', 'N/A', '2022-11-08 12:15:56', 1, 57),
(347, 'BETASOLO', 'FELIPE', 80, 1, 'GUINGAWAN TANAUAN LEYTE', 'N/A', '2022-11-08 12:16:21', 1, 57),
(348, 'BETASOLO', 'EUFROCINA', 77, 2, 'GUINGAWAN TANAUAN LEYTE', 'N/A', '2022-11-08 12:16:47', 1, 57),
(349, 'BETASOLO', 'ORLANDO', 55, 1, 'GUINGAWAN TANAUAN LEYTE', 'N/A', '2022-11-08 12:17:19', 1, 57),
(350, 'MORADA', 'LYNLYN', 43, 2, 'GUINGAWAN TANAUAN LEYTE', 'N/A', '2022-11-08 12:17:38', 1, 57),
(351, 'BETASOLO', 'MARK', 8, 1, 'GUINGAWAN TANAUAN LEYTE', 'N/A', '2022-11-08 12:17:57', 1, 57),
(352, 'GUIMBAOLIBOT', 'ROY', 89, 1, 'GUINGAWAN TANAUAN LEYTE', 'N/A', '2022-11-08 12:18:36', 1, 57),
(353, 'GUIMBAOLIBOT', 'ANNALIZA', 40, 2, 'GUINGAWAN TANAUAN LEYTE', 'N/A', '2022-11-08 12:19:02', 1, 57),
(354, 'GUIMBAOLIBOT', 'SHIANA', 16, 2, 'GUINGAWAN TANAUAN LEYTE', 'N/A', '2022-11-08 12:19:31', 1, 57),
(355, 'GUIMBAOLIBOT', 'SHIELA', 14, 2, 'GUINGAWAN TANAUAN LEYTE', 'N/A', '2022-11-08 12:19:57', 1, 57),
(356, 'CAÑEDO', 'GLORIA', 82, 2, 'GUINGAWAN TANAUAN LEYTE', 'N/A', '2022-11-08 12:20:45', 1, 57),
(357, 'MONTERO', 'GLENN SR.', 58, 1, 'GUINGAWAN TANAUAN LEYTE', 'N/A', '2022-11-08 12:22:00', 1, 57),
(358, 'MONTERO', 'LORETA', 57, 2, 'GUINGAWAN TANAUAN LEYTE', 'N/A', '2022-11-08 12:22:20', 1, 57),
(359, 'MONTERO', 'JAY', 20, 1, 'GUINGAWAN TANAUAN LEYTE', 'N/A', '2022-11-08 12:22:38', 1, 57),
(360, 'MONTERO', 'GLENN JR.', 33, 1, 'GUINGAWAN TANAUAN LEYTE', 'N/A', '2022-11-08 12:23:01', 1, 57),
(361, 'MONTERO', 'VINVENT', 35, 1, 'GUINGAWAN TANAUAN LEYTE', 'N/A', '2022-11-08 12:23:24', 1, 57),
(362, 'MONTERO', 'GLEIAN', 8, 1, 'GUINGAWAN TANAUAN LEYTE', 'N/A', '2022-11-08 12:23:52', 1, 57),
(363, 'VILLACERAN', 'RODULFO', 67, 1, 'GUINGAWAN TANAUAN LEYTE', 'N/A', '2022-11-08 12:24:52', 1, 57),
(364, 'VILLACERAN', 'VIRGENIA', 62, 2, 'GUINGAWAN TANAUAN LEYTE', 'N/A', '2022-11-08 12:25:46', 1, 57),
(365, 'VILLACERAN', 'JOSEPH', 25, 1, 'GUINGAWAN TANAUAN LEYTE', 'N/A', '2022-11-08 12:26:09', 1, 57),
(366, 'TRAGURA', 'LIBERATO', 53, 1, 'GUINGAWAN TANAUAN LEYTE', 'N/A', '2022-11-08 12:26:40', 1, 57),
(367, 'TRAGURA', 'MARIA MARCH', 48, 2, 'GUINGAWAN TANAUAN LEYTE', 'N/A', '2022-11-08 12:27:13', 1, 57),
(368, 'TRAGURA', 'FEIRUZ', 34, 2, 'GUINGAWAN TANAUAN LEYTE', 'N/A', '2022-11-08 12:27:41', 1, 57),
(369, 'TRAGURA', 'KENDRICK', 21, 1, 'GUINGAWAN TANAUAN LEYTE', 'N/A', '2022-11-08 12:28:15', 1, 57),
(370, 'TRAGURA', 'KENH', 19, 1, 'GUINGAWAN TANAUAN LEYTE', 'N/A', '2022-11-08 12:28:57', 1, 57),
(371, 'TRAGURA', 'DUSTIN', 16, 1, 'GUINGAWAN TANAUAN LEYTE', 'N/A', '2022-11-08 12:29:24', 1, 57),
(372, 'TANTE', 'ANGELA', 5, 2, 'GUINGAWAN TANAUAN LEYTE', 'N/A', '2022-11-08 12:30:12', 1, 57),
(373, 'TOLIBAS', 'LUCINIA', 80, 2, 'GUINGAWAN TANAUAN LEYTE', 'N/A', '2022-11-08 12:30:38', 1, 57),
(374, 'TOLIBAS', 'REYNALDO', 50, 1, 'GUINGAWAN TANAUAN LEYTE', 'N/A', '2022-11-08 12:31:10', 1, 57),
(375, 'TOLIBAS', 'ZENY', 49, 2, 'GUINGAWAN TANAUAN LEYTE', 'N/A', '2022-11-08 12:31:33', 1, 57),
(376, 'IDO', 'RHEA MAE', 26, 2, 'GUINGAWAN TANAUAN LEYTE', 'N/A', '2022-11-08 12:32:04', 1, 57),
(377, 'IDO', 'NIKKI', 27, 1, 'GUINGAWAN TANAUAN LEYTE', 'N/A', '2022-11-08 12:32:31', 1, 57),
(378, 'IDO', 'NATHAN ASHER', 1, 1, 'GUINGAWAN TANAUAN LEYTE', 'N/A', '2022-11-08 12:33:02', 1, 57),
(379, 'CADION', 'RONALDREY', 27, 1, 'GUINGAWAN TANAUAN LEYTE', 'N/A', '2022-11-08 12:33:33', 1, 57),
(380, 'CADION', 'RIZA', 28, 2, 'GUINGAWAN TANAUAN LEYTE', 'N/A', '2022-11-08 12:33:56', 1, 57),
(381, 'CADION', 'RONIEZA', 7, 2, 'GUINGAWAN TANAUAN LEYTE', 'N/A', '2022-11-08 12:34:32', 1, 57),
(382, 'CADION', 'RG KLAY', 1, 1, 'GUINGAWAN TANAUAN LEYTE', 'N/A', '2022-11-08 12:34:57', 1, 57),
(383, 'OLAHAY', 'FIDEL', 60, 1, 'GUINGAWAN TANAUAN LEYTE', 'N/A', '2022-11-08 12:35:23', 1, 57),
(384, 'OLAHAY', 'MARILYN', 58, 2, 'GUINGAWAN TANAUAN LEYTE', 'N/A', '2022-11-08 12:35:43', 1, 57),
(385, 'OLAHAY', 'CHEN-CHEN', 19, 2, 'GUINGAWAN TANAUAN LEYTE', 'N/A', '2022-11-08 12:36:12', 1, 57),
(386, 'OLAHAY', 'CZAK', 6, 1, 'GUINGAWAN TANAUAN LEYTE', 'N/A', '2022-11-08 12:36:38', 1, 57),
(387, 'OLAHAY', 'ROGIE', 34, 1, 'GUINGAWAN TANAUAN LEYTE', 'N/A', '2022-11-08 12:37:04', 1, 57),
(388, 'BADANA ', 'LEONEL', 43, 1, 'GUINGAWAN TANAUAN LEYTE', 'N/A', '2022-11-08 12:37:57', 1, 57),
(389, 'BADANA ', 'WILMA', 44, 2, 'GUINGAWAN TANAUAN LEYTE', 'N/A', '2022-11-08 12:38:14', 1, 57),
(390, 'BADANA ', 'KYLA MARIE', 18, 2, 'GUINGAWAN TANAUAN LEYTE', 'N/A', '2022-11-08 12:38:38', 1, 57),
(391, 'BADANA ', 'KENCHIE', 16, 1, 'GUINGAWAN TANAUAN LEYTE', 'N/A', '2022-11-08 12:38:58', 1, 57),
(392, 'CORNEJO', 'WYNREY', 42, 1, 'GUINGAWAN TANAUAN LEYTE', 'N/A', '2022-11-08 12:39:24', 1, 57),
(393, 'TENEDORA', 'JOAN', 32, 2, 'GUINGAWAN TANAUAN LEYTE', 'N/A', '2022-11-08 12:39:44', 1, 57),
(394, 'CORNEJO', 'DARREN', 9, 1, 'GUINGAWAN TANAUAN LEYTE', 'N/A', '2022-11-08 12:40:07', 1, 57),
(395, 'CORNEJO', 'DENIEL', 9, 1, 'GUINGAWAN TANAUAN LEYTE', 'N/A', '2022-11-08 12:40:33', 1, 57),
(396, 'CORNEJO', 'NIEKESHA', 6, 2, 'GUINGAWAN TANAUAN LEYTE', 'N/A', '2022-11-08 12:40:54', 1, 57),
(397, 'REDOÑA', 'NENITA', 54, 2, 'GUINGAWAN TANAUAN LEYTE', 'N/A', '2022-11-08 12:41:43', 1, 57),
(398, 'REDOÑA', 'FIONA', 22, 2, 'GUINGAWAN TANAUAN LEYTE', 'N/A', '2022-11-08 12:42:01', 1, 57),
(399, 'REDOÑA', 'JUNNEL', 21, 1, 'GUINGAWAN TANAUAN LEYTE', 'N/A', '2022-11-08 12:42:19', 1, 57),
(400, 'REDOÑA', 'KIANA', 16, 2, 'GUINGAWAN TANAUAN LEYTE', 'N/A', '2022-11-08 12:42:40', 1, 57),
(401, 'BETASOLO', 'SEGUNDINO', 68, 1, 'GUINGAWAN TANAUAN LEYTE', 'N/A', '2022-11-08 12:43:37', 1, 57),
(402, 'BETASOLO', 'SEVERA', 67, 2, 'GUINGAWAN TANAUAN LEYTE', 'N/A', '2022-11-08 12:44:00', 1, 57),
(403, 'BETASOLO', 'ALLAN', 47, 1, 'GUINGAWAN TANAUAN LEYTE', 'N/A', '2022-11-08 12:44:34', 1, 57),
(404, 'BETASOLO', 'RONALD', 38, 1, 'GUINGAWAN TANAUAN LEYTE', 'N/A', '2022-11-08 12:45:01', 1, 57),
(405, 'BETASOLO', 'MELINDA', 36, 2, 'GUINGAWAN TANAUAN LEYTE', 'N/A', '2022-11-08 12:45:22', 1, 57),
(406, 'BETASOLO', 'ROMEL', 14, 1, 'GUINGAWAN TANAUAN LEYTE', 'N/A', '2022-11-08 12:45:44', 1, 57),
(407, 'BETASOLO', 'SHANELLE', 13, 2, 'GUINGAWAN TANAUAN LEYTE', 'N/A', '2022-11-08 12:46:08', 1, 57),
(408, 'BETASOLO', 'SHANE', 12, 2, 'GUINGAWAN TANAUAN LEYTE', 'N/A', '2022-11-08 12:46:29', 1, 57),
(409, 'BETASOLO', 'SHANIA LINA', 1, 2, 'GUINGAWAN TANAUAN LEYTE', 'N/A', '2022-11-08 12:46:55', 1, 57),
(410, 'BETASOLO', 'RONEL', 34, 1, 'GUINGAWAN TANAUAN LEYTE', 'N/A', '2022-11-08 12:47:20', 1, 57),
(411, 'BETASOLO', 'MAE AMOR', 31, 2, 'GUINGAWAN TANAUAN LEYTE', 'N/A', '2022-11-08 12:47:39', 1, 57),
(412, 'BETASOLO', 'STEPHANO', 11, 1, 'GUINGAWAN TANAUAN LEYTE', 'N/A', '2022-11-08 12:48:01', 1, 57),
(413, 'BETASOLO', 'SOFIA', 7, 2, 'GUINGAWAN TANAUAN LEYTE', 'N/A', '2022-11-08 12:48:19', 1, 57),
(414, 'BETASOLO', 'STEFFIE DIONE', 1, 2, 'GUINGAWAN TANAUAN LEYTE', 'N/A', '2022-11-08 12:48:47', 1, 57),
(415, 'GAYON', 'JEFFREY', 39, 1, 'GUINGAWAN TANAUAN LEYTE', 'N/A', '2022-11-08 12:49:19', 1, 57),
(416, 'GAYON', 'MARIA', 40, 2, 'GUINGAWAN TANAUAN LEYTE', 'N/A', '2022-11-08 12:49:43', 1, 57),
(417, 'GAYON', 'STARLET', 5, 2, 'GUINGAWAN TANAUAN LEYTE', 'N/A', '2022-11-08 12:50:04', 1, 57),
(418, 'TIZON', 'DOMINGO', 59, 1, 'GUINGAWAN TANAUAN LEYTE', 'N/A', '2022-11-08 12:50:26', 1, 57),
(419, 'TIZON', 'GINA', 52, 2, 'GUINGAWAN TANAUAN LEYTE', 'N/A', '2022-11-08 12:50:53', 1, 57),
(420, 'TIZON', 'DAVE', 36, 1, 'GUINGAWAN TANAUAN LEYTE', 'N/A', '2022-11-08 12:51:14', 1, 57),
(421, 'TIZON', 'ANGELICA', 19, 2, 'GUINGAWAN TANAUAN LEYTE', 'N/A', '2022-11-08 12:51:35', 1, 57),
(422, 'TIZON', 'BRENT AIKEN', 13, 1, 'GUINGAWAN TANAUAN LEYTE', 'N/A', '2022-11-08 12:51:58', 1, 57),
(423, 'TIZON', 'LYKA', 14, 2, 'GUINGAWAN TANAUAN LEYTE', 'N/A', '2022-11-08 12:52:22', 1, 57),
(424, 'TIZON', 'GEMALYN', 34, 2, 'GUINGAWAN TANAUAN LEYTE', 'N/A', '2022-11-08 12:52:54', 1, 57),
(425, 'TIZON', 'ALDEN', 7, 1, 'GUINGAWAN TANAUAN LEYTE', 'N/A', '2022-11-08 12:53:20', 1, 57),
(426, 'GADOR', 'EDEN', 54, 2, 'GUINGAWAN TANAUAN LEYTE', 'N/A', '2022-11-08 12:53:42', 1, 57),
(427, 'COTIPAR', 'ARTEMIO', 58, 1, 'GUINGAWAN TANAUAN LEYTE', 'N/A', '2022-11-08 12:54:12', 1, 57),
(428, 'COTIPAR', 'DIVINA', 55, 2, 'GUINGAWAN TANAUAN LEYTE', 'N/A', '2022-11-08 12:54:34', 1, 57),
(429, 'COTIPAR', 'ARIEL', 31, 1, 'GUINGAWAN TANAUAN LEYTE', 'N/A', '2022-11-08 12:54:58', 1, 57),
(430, 'COTIPAR', 'MILVIN', 20, 1, 'GUINGAWAN TANAUAN LEYTE', 'N/A', '2022-11-08 12:55:23', 1, 57),
(431, 'COTIPAR', 'VEA', 19, 2, 'GUINGAWAN TANAUAN LEYTE', 'N/A', '2022-11-08 12:55:50', 1, 57),
(432, 'FLORES', 'MARK ANTHONY', 6, 1, 'GUINGAWAN TANAUAN LEYTE', 'N/A', '2022-11-08 12:56:20', 1, 57),
(433, 'COTIPAR', 'MIA', 4, 2, 'GUINGAWAN TANAUAN LEYTE', 'N/A', '2022-11-08 12:56:47', 1, 57),
(434, 'CORALES', 'ISAGANI', 44, 1, 'GUINGAWAN TANAUAN LEYTE', 'N/A', '2022-11-08 12:57:26', 1, 57),
(435, 'CORNEJO', 'FRANCISCO', 61, 1, 'GUINGAWAN TANAUAN LEYTE', 'N/A', '2022-11-08 12:57:57', 1, 57),
(436, 'CORNEJO', 'VALERIA', 60, 2, 'GUINGAWAN TANAUAN LEYTE', 'N/A', '2022-11-08 12:58:23', 1, 57),
(437, 'CORNEJO', 'JERICHO', 34, 1, 'GUINGAWAN TANAUAN LEYTE', 'N/A', '2022-11-08 12:58:44', 1, 57),
(438, 'CORNEJO', 'RICARDO', 63, 1, 'GUINGAWAN TANAUAN LEYTE', 'N/A', '2022-11-08 12:59:28', 1, 57),
(439, 'CORNEJO', 'SOFIA', 61, 2, 'GUINGAWAN TANAUAN LEYTE', 'N/A', '2022-11-08 12:59:51', 1, 57),
(440, 'CORNEJO', 'JASPER', 31, 1, 'GUINGAWAN TANAUAN LEYTE', 'N/A', '2022-11-08 13:00:10', 1, 57),
(441, 'CORNEJO', 'KERWIN', 20, 1, 'GUINGAWAN TANAUAN LEYTE', 'N/A', '2022-11-08 13:00:40', 1, 57),
(442, 'CORNEJO', 'JASMIN', 36, 2, 'GUINGAWAN TANAUAN LEYTE', 'N/A', '2022-11-08 13:01:10', 1, 57),
(443, 'CORNEJO', 'CARLITOS', 9, 1, 'GUINGAWAN TANAUAN LEYTE', 'N/A', '2022-11-08 13:01:32', 1, 57),
(444, 'CORNEJO', 'ROLITO', 6, 1, 'GUINGAWAN TANAUAN LEYTE', 'N/A', '2022-11-08 13:01:52', 1, 57),
(445, 'AGRISAN', 'TEMOTIO', 70, 1, 'GUINGAWAN TANAUAN LEYTE', 'N/A', '2022-11-08 13:02:49', 1, 57),
(446, 'AGRISAN', 'TERESITA', 63, 2, 'GUINGAWAN TANAUAN LEYTE', 'N/A', '2022-11-08 13:03:17', 1, 57),
(447, 'AGRISAN', 'BYRON', 20, 1, 'GUINGAWAN TANAUAN LEYTE', 'N/A', '2022-11-08 13:03:38', 1, 57),
(448, 'ALMARINES', 'AIREEN', 34, 2, 'GUINGAWAN TANAUAN LEYTE', 'N/A', '2022-11-08 13:04:20', 1, 57),
(449, 'ALMARINES', 'ZIAN', 5, 1, 'GUINGAWAN TANAUAN LEYTE', 'N/A', '2022-11-08 13:04:48', 1, 57),
(450, 'TOLIBAS', 'GERONIMO JR.', 54, 1, 'GUINGAWAN TANAUAN LEYTE', 'N/A', '2022-11-08 13:05:30', 1, 57),
(451, 'TOLIBAS', 'LUCIA', 54, 2, 'GUINGAWAN TANAUAN LEYTE', 'N/A', '2022-11-08 13:05:51', 1, 57),
(452, 'TOLIBAS', 'LERMA', 29, 2, 'GUINGAWAN TANAUAN LEYTE', 'N/A', '2022-11-08 13:06:10', 1, 57),
(453, 'TOLIBAS', 'LEMAR', 25, 1, 'GUINGAWAN TANAUAN LEYTE', 'N/A', '2022-11-08 13:06:39', 1, 57),
(454, 'TOLIBAS', 'LIZA', 17, 2, 'GUINGAWAN TANAUAN LEYTE', 'N/A', '2022-11-08 13:07:02', 1, 57),
(455, 'TOLIBAS', 'LEO', 23, 1, 'GUINGAWAN TANAUAN LEYTE', 'N/A', '2022-11-08 13:07:28', 1, 57),
(456, 'PADUA', 'ARLANE', 27, 2, 'GUINGAWAN TANAUAN LEYTE', 'N/A', '2022-11-08 13:07:50', 1, 57),
(457, 'TOLIBAS', 'CLEONA SAMMER', 4, 2, 'GUINGAWAN TANAUAN LEYTE', 'N/A', '2022-11-08 13:08:16', 1, 57),
(458, 'HONOR', 'MARBEN', 32, 1, 'GUINGAWAN TANAUAN LEYTE', 'N/A', '2022-11-08 13:08:39', 1, 57),
(459, 'TOLIBAS', 'LEAMAE', 27, 2, 'GUINGAWAN TANAUAN LEYTE', 'N/A', '2022-11-08 13:08:58', 1, 57),
(460, 'HONOR', 'ASHERY', 4, 2, 'GUINGAWAN TANAUAN LEYTE', 'N/A', '2022-11-08 13:09:18', 1, 57),
(461, 'DE PAZ', 'RODELIO', 43, 1, 'GUINGAWAN TANAUAN LEYTE', 'N/A', '2022-11-08 13:09:44', 1, 57),
(462, 'MENIANO', 'CESARIO JR.', 39, 1, 'GUINGAWAN TANAUAN LEYTE', 'N/A', '2022-11-08 13:10:17', 1, 57),
(463, 'ALCOBER', 'ROSARIO', 36, 1, 'GUINGAWAN TANAUAN LEYTE', 'N/A', '2022-11-08 13:10:46', 1, 57),
(464, 'ALCOBER', 'SOFIA', 34, 2, 'GUINGAWAN TANAUAN LEYTE', 'N/A', '2022-11-08 13:11:07', 1, 57),
(465, 'ALCOBER', 'ARJIE', 12, 1, 'GUINGAWAN TANAUAN LEYTE', 'N/A', '2022-11-08 13:11:32', 1, 57),
(466, 'ALCOBER', 'SANDY', 8, 1, 'GUINGAWAN TANAUAN LEYTE', 'N/A', '2022-11-08 13:12:16', 1, 57),
(467, 'ALCOBER', 'ELLAROSE', 6, 2, 'GUINGAWAN TANAUAN LEYTE', 'N/A', '2022-11-08 13:13:32', 1, 57),
(468, 'ALMIA', 'FRISCO', 50, 1, 'LIMBUHAN GUTI TANAUAN LEYTE', 'N/A', '2022-11-10 15:31:24', 1, 63),
(469, 'GASPAY', 'MERLITA', 49, 2, 'LIMBUHAN GUTI TANAUAN LEYTE', 'N/A', '2022-11-10 15:32:07', 1, 63),
(470, 'ALMIA', 'KENNETH', 23, 1, 'LIMBUHAN GUTI TANAUAN LEYTE', 'N/A', '2022-11-10 15:32:41', 1, 63),
(471, 'ALMIA', 'DWINE', 8, 2, 'LIMBUHAN GUTI TANAUAN LEYTE', 'N/A', '2022-11-10 15:33:26', 1, 63),
(472, 'GASPAY', 'TERESITA', 69, 2, 'LIMBUHAN GUTI TANAUAN LEYTE', 'N/A', '2022-11-10 15:34:06', 1, 63),
(473, 'GASPAY', 'NORELYN', 32, 2, 'LIMBUHAN GUTI TANAUAN LEYTE', 'N/A', '2022-11-10 15:34:43', 1, 63),
(474, 'MALATE', 'NORGIE', 24, 1, 'LIMBUHAN GUTI TANAUAN LEYTE', 'N/A', '2022-11-10 15:35:10', 1, 63),
(475, 'BICO', 'MARLON', 52, 1, 'LIMBUHAN GUTI TANAUAN LEYTE', 'N/A', '2022-11-10 15:35:55', 1, 63),
(476, 'BICO', 'ROWENA', 49, 2, 'LIMBUHAN GUTI TANAUAN LEYTE', 'N/A', '2022-11-10 15:36:19', 1, 63),
(477, 'BICO', 'BRYAN', 20, 1, 'LIMBUHAN GUTI TANAUAN LEYTE', 'N/A', '2022-11-10 15:36:57', 1, 63),
(478, 'BICO', 'LOWIE', 16, 1, 'LIMBUHAN GUTI TANAUAN LEYTE', 'N/A', '2022-11-10 15:37:21', 1, 63),
(479, 'NIRZA', 'FELIX', 66, 1, 'LIMBUHAN GUTI TANAUAN LEYTE', 'N/A', '2022-11-10 15:37:56', 1, 63),
(480, 'NIRZA', 'ALFREDA', 65, 2, 'LIMBUHAN GUTI TANAUAN LEYTE', 'N/A', '2022-11-10 15:38:24', 1, 63),
(481, 'NIRZA', 'ALLEN', 21, 1, 'LIMBUHAN GUTI TANAUAN LEYTE', 'N/A', '2022-11-10 15:39:06', 1, 63),
(482, 'ISLABAN', 'RODULFO', 68, 1, 'LIMBUHAN GUTI TANAUAN LEYTE', 'N/A', '2022-11-10 15:39:34', 1, 63),
(483, 'ISLABAN', 'AIDA', 59, 2, 'LIMBUHAN GUTI TANAUAN LEYTE', 'N/A', '2022-11-10 15:40:10', 1, 63),
(484, 'ISLABAN', 'ANGELICA', 24, 2, 'LIMBUHAN GUTI TANAUAN LEYTE', 'N/A', '2022-11-10 15:40:42', 1, 63),
(485, 'SILVANO', 'HILARIO', 65, 1, 'LIMBUHAN GUTI TANAUAN LEYTE', 'N/A', '2022-11-10 15:41:16', 1, 63),
(486, 'CINCO', 'BENITO', 41, 1, 'LIMBUHAN GUTI TANAUAN LEYTE', 'N/A', '2022-11-10 15:41:47', 1, 63),
(487, 'CINCO', 'MYLENE', 38, 2, 'LIMBUHAN GUTI TANAUAN LEYTE', 'N/A', '2022-11-10 15:42:17', 1, 63),
(488, 'CINCO', 'JUSTINE', 15, 1, 'LIMBUHAN GUTI TANAUAN LEYTE', 'N/A', '2022-11-10 15:42:50', 1, 63),
(489, 'CINCO', 'FRANZ KEAN', 6, 1, 'LIMBUHAN GUTI TANAUAN LEYTE', 'N/A', '2022-11-10 15:44:20', 1, 63),
(490, 'CINCO', 'VIRGILIO', 67, 1, 'LIMBUHAN GUTI TANAUAN LEYTE', 'N/A', '2022-11-10 15:45:01', 1, 63),
(491, 'CINCO', 'JESSICA', 26, 2, 'LIMBUHAN GUTI TANAUAN LEYTE', 'N/A', '2022-11-10 15:45:27', 1, 63),
(492, 'CINCO', 'JENELYN', 32, 2, 'LIMBUHAN GUTI TANAUAN LEYTE', 'N/A', '2022-11-10 15:46:02', 1, 63),
(493, 'CINCO', 'JILLIAN', 11, 2, 'LIMBUHAN GUTI TANAUAN LEYTE', 'N/A', '2022-11-10 15:46:32', 1, 63),
(494, 'CINCO', 'LETECIA', 62, 2, 'LIMBUHAN GUTI TANAUAN LEYTE', 'N/A', '2022-11-10 15:47:08', 1, 63),
(495, 'CINCO', 'MICHAEL', 35, 1, 'LIMBUHAN GUTI TANAUAN LEYTE', 'N/A', '2022-11-10 15:47:51', 1, 63),
(496, 'CINCO', 'MARIETH', 21, 2, 'LIMBUHAN GUTI TANAUAN LEYTE', 'N/A', '2022-11-10 15:48:31', 1, 63),
(497, 'CINCO', 'MARIBETH', 17, 2, 'LIMBUHAN GUTI TANAUAN LEYTE', 'N/A', '2022-11-10 15:48:58', 1, 63),
(498, 'NIRZA', 'ALLAN', 47, 1, 'LIMBUHAN GUTI TANAUAN LEYTE', 'N/A', '2022-11-10 15:49:33', 1, 63),
(499, 'LABITAG', 'EDERLYN', 32, 2, 'LIMBUHAN GUTI TANAUAN LEYTE', 'N/A', '2022-11-10 15:50:12', 1, 63),
(500, 'BALLEDA', 'AVIE JALIE', 13, 2, 'LIMBUHAN GUTI TANAUAN LEYTE', 'N/A', '2022-11-10 15:51:08', 1, 63),
(501, 'BALLEDA', 'SAIRON', 12, 1, 'LIMBUHAN GUTI TANAUAN LEYTE', 'N/A', '2022-11-10 15:51:36', 1, 63),
(502, 'NIRZA', 'ALIE NUE KENJI', 5, 1, 'LIMBUHAN GUTI TANAUAN LEYTE', 'N/A', '2022-11-10 15:52:07', 1, 63),
(503, 'CINCO', 'GUILLERMO', 39, 1, 'LIMBUHAN GUTI TANAUAN LEYTE', 'N/A', '2022-11-10 15:52:44', 1, 63),
(504, 'AGUNIAS', 'DORINA', 36, 2, 'LIMBUHAN GUTI TANAUAN LEYTE', 'N/A', '2022-11-10 15:53:19', 1, 63),
(505, 'CINCO', 'CHRISTAL', 2, 2, 'LIMBUHAN GUTI TANAUAN LEYTE', 'N/A', '2022-11-10 15:53:45', 1, 63),
(506, 'MAGNAWA', 'RANULFO', 70, 1, 'LIMBUHAN GUTI TANAUAN LEYTE', 'N/A', '2022-11-10 15:54:36', 1, 63),
(507, 'SERRANO', 'MA. HELEN', 55, 2, 'LIMBUHAN GUTI TANAUAN LEYTE', 'N/A', '2022-11-10 15:55:02', 1, 63),
(508, 'PEREGRINO', 'HELEN', 21, 2, 'LIMBUHAN GUTI TANAUAN LEYTE', 'N/A', '2022-11-10 15:56:26', 1, 63),
(509, 'SERRANO', 'GIANNA GAYLE', 2, 2, 'LIMBUHAN GUTI TANAUAN LEYTE', 'N/A', '2022-11-10 15:57:00', 1, 63);
INSERT INTO `barangay_info` (`id`, `lastname`, `firstname`, `age`, `gender`, `address`, `contact_number`, `date_added`, `status`, `barangay_id`) VALUES
(510, 'CREER', 'NECIFORA', 63, 2, 'LIMBUHAN GUTI TANAUAN LEYTE', 'N/A', '2022-11-10 15:57:32', 1, 63),
(511, 'CREER', 'IRISH', 42, 2, 'LIMBUHAN GUTI TANAUAN LEYTE', 'N/A', '2022-11-10 15:57:59', 1, 63),
(512, 'CREER', 'IAN MARCO', 38, 1, 'LIMBUHAN GUTI TANAUAN LEYTE', 'N/A', '2022-11-10 15:58:36', 1, 63),
(513, 'NIRZA', 'FELIX', 33, 1, 'LIMBUHAN GUTI TANAUAN LEYTE', 'N/A', '2022-11-10 15:59:02', 1, 63),
(514, 'ALETA', 'ANDREW', 45, 1, 'LIMBUHAN GUTI TANAUAN LEYTE', 'N/A', '2022-11-10 15:59:35', 1, 63),
(515, 'ALETA', 'MA. IVY', 46, 2, 'LIMBUHAN GUTI TANAUAN LEYTE', 'N/A', '2022-11-10 16:00:01', 1, 63),
(516, 'ALETA', 'MA. GABRILLE', 17, 2, 'LIMBUHAN GUTI TANAUAN LEYTE', 'N/A', '2022-11-10 16:00:38', 1, 63),
(517, 'ALETA', 'BEA AMILLE', 15, 2, 'LIMBUHAN GUTI TANAUAN LEYTE', 'N/A', '2022-11-10 16:01:21', 1, 63),
(518, 'ALETA ', 'ALTHEA', 8, 2, 'LIMBUHAN GUTI TANAUAN LEYTE', 'N/A', '2022-11-10 16:01:45', 1, 63),
(519, 'ALETA', 'BEATRIZ', 72, 2, 'LIMBUHAN GUTI TANAUAN LEYTE', 'N/A', '2022-11-10 16:02:23', 1, 63),
(520, 'ALETA', 'GERARD JUDE', 25, 1, 'LIMBUHAN GUTI TANAUAN LEYTE', 'N/A', '2022-11-10 16:02:51', 1, 63),
(521, 'MAGNAWA', 'NANETTE', 33, 2, 'LIMBUHAN GUTI TANAUAN LEYTE', 'N/A', '2022-11-10 16:03:25', 1, 63),
(522, 'MAGNAWA', 'KHYRA', 12, 2, 'LIMBUHAN GUTI TANAUAN LEYTE', 'N/A', '2022-11-10 16:03:52', 1, 63),
(523, 'GERONIMO', 'ALONZO', 2, 1, 'LIMBUHAN GUTI TANAUAN LEYTE', 'N/A', '2022-11-10 16:04:16', 1, 63),
(524, 'GABIANA', 'ESTRELLA', 67, 2, 'LIMBUHAN GUTI TANAUAN LEYTE', 'N/A', '2022-11-10 16:04:49', 1, 63),
(525, 'GABIANA', 'MARVIN', 30, 1, 'LIMBUHAN GUTI TANAUAN LEYTE', 'N/A', '2022-11-10 16:05:33', 1, 63),
(526, 'JABOLIN', 'MICHELLE', 33, 2, 'LIMBUHAN GUTI TANAUAN LEYTE', 'N/A', '2022-11-10 16:06:19', 1, 63),
(527, 'ABIHAY', 'MIKEYLYN', 28, 2, 'LIMBUHAN GUTI TANAUAN LEYTE', 'N/A', '2022-11-10 16:06:45', 1, 63),
(528, 'MADRID', 'ABEGAIL', 9, 2, 'LIMBUHAN GUTI TANAUAN LEYTE', 'N/A', '2022-11-10 16:07:12', 1, 63),
(529, 'NIRZA', 'DAMASO', 72, 1, 'LIMBUHAN GUTI TANAUAN LEYTE', 'N/A', '2022-11-10 16:07:43', 1, 63),
(530, 'NIRZA', 'BRENDA', 32, 2, 'LIMBUHAN GUTI TANAUAN LEYTE', 'N/A', '2022-11-10 16:08:11', 1, 63),
(531, 'NIRZA', 'JOVYLYN', 30, 2, 'LIMBUHAN GUTI TANAUAN LEYTE', 'N/A', '2022-11-10 16:08:41', 1, 63),
(532, 'NIRZA', 'DAMASO JR.', 26, 1, 'LIMBUHAN GUTI TANAUAN LEYTE', 'N/A', '2022-11-10 16:09:11', 1, 63),
(533, 'SILVANO', 'SANTIAGO', 34, 1, 'LIMBUHAN GUTI TANAUAN LEYTE', 'N/A', '2022-11-10 16:09:43', 1, 63),
(534, 'SILVANO', 'LENNY', 33, 2, 'LIMBUHAN GUTI TANAUAN LEYTE', 'N/A', '2022-11-10 16:10:09', 1, 63),
(535, 'SILVANO', 'PAUL SANDRO', 16, 1, 'LIMBUHAN GUTI TANAUAN LEYTE', 'N/A', '2022-11-10 16:10:37', 1, 63),
(536, 'SILVANO', 'JANRY', 12, 1, 'LIMBUHAN GUTI TANAUAN LEYTE', 'N/A', '2022-11-10 16:11:06', 1, 63),
(537, 'SILVANO', 'JUSTINE', 10, 1, 'LIMBUHAN GUTI TANAUAN LEYTE', 'N/A', '2022-11-10 16:11:47', 1, 63),
(538, 'BARBADO', 'JULIAN', 80, 1, 'LIMBUHAN GUTI TANAUAN LEYTE', 'N/A', '2022-11-10 16:12:21', 1, 63),
(539, 'BARBADO', 'SONY', 24, 1, 'LIMBUHAN GUTI TANAUAN LEYTE', 'N/A', '2022-11-10 16:13:09', 1, 63),
(540, 'BARBADO', 'ARNOLD', 22, 1, 'LIMBUHAN GUTI TANAUAN LEYTE', 'N/A', '2022-11-10 16:13:40', 1, 63),
(541, 'BARBADO', 'NOEL', 18, 1, 'LIMBUHAN GUTI TANAUAN LEYTE', 'N/A', '2022-11-10 16:14:06', 1, 63),
(542, 'BALASBAS', 'JEFFREY', 36, 1, 'LIMBUHAN GUTI TANAUAN LEYTE', 'N/A', '2022-11-10 16:14:39', 1, 63),
(543, 'BALASBAS', 'MELANIE', 35, 2, 'LIMBUHAN GUTI TANAUAN LEYTE', 'N/A', '2022-11-10 16:15:03', 1, 63),
(544, 'BALASBAS', 'JEREMY', 6, 1, 'LIMBUHAN GUTI TANAUAN LEYTE', 'N/A', '2022-11-10 16:15:33', 1, 63),
(545, 'BALASBAS', 'JAMMEL', 2, 1, 'LIMBUHAN GUTI TANAUAN LEYTE', 'N/A', '2022-11-10 16:16:13', 1, 63),
(546, 'NIRZA', 'SAMUEL', 36, 1, 'LIMBUHAN GUTI TANAUAN LEYTE', 'N/A', '2022-11-10 16:17:05', 1, 63),
(547, 'GALANZA', 'RODRIGO', 67, 1, 'LIMBUHAN GUTI TANAUAN LEYTE', 'N/A', '2022-11-10 16:17:54', 1, 63),
(548, 'GALANZA', 'CONCHITA', 63, 2, 'LIMBUHAN GUTI TANAUAN LEYTE', 'N/A', '2022-11-10 16:18:26', 1, 63),
(549, 'GALANZA', 'RIAN', 27, 1, 'LIMBUHAN GUTI TANAUAN LEYTE', 'N/A', '2022-11-10 16:18:56', 1, 63),
(550, 'HABABAG', 'JESSIE', 38, 1, 'LIMBUHAN GUTI TANAUAN LEYTE', 'N/A', '2022-11-10 16:19:22', 1, 63),
(551, 'HABABAG', 'ROMA', 26, 2, 'LIMBUHAN GUTI TANAUAN LEYTE', 'N/A', '2022-11-10 16:19:45', 1, 63),
(552, 'HABABAG', 'TRISHA', 14, 2, 'LIMBUHAN GUTI TANAUAN LEYTE', 'N/A', '2022-11-10 16:20:12', 1, 63),
(553, 'HABABAG', 'ARVIN', 12, 1, 'LIMBUHAN GUTI TANAUAN LEYTE', 'N/A', '2022-11-10 16:20:34', 1, 63),
(554, 'HABABAG', 'EMMANUEL', 8, 1, 'LIMBUHAN GUTI TANAUAN LEYTE', 'N/A', '2022-11-10 16:21:11', 1, 63),
(555, 'GALANZA', 'RHIO', 29, 1, 'LIMBUHAN GUTI TANAUAN LEYTE', 'N/A', '2022-11-10 16:21:37', 1, 63),
(556, 'CINCO', 'JUDITH', 25, 2, 'LIMBUHAN GUTI TANAUAN LEYTE', 'N/A', '2022-11-10 16:22:05', 1, 63),
(557, 'GALANZA', 'SHANE', 7, 2, 'LIMBUHAN GUTI TANAUAN LEYTE', 'N/A', '2022-11-10 16:22:44', 1, 63),
(558, 'GALANZA', 'RHIO JR.', 5, 1, 'LIMBUHAN GUTI TANAUAN LEYTE', 'N/A', '2022-11-10 16:23:13', 1, 63),
(559, 'GALANZA', 'JAY AR', 3, 1, 'LIMBUHAN GUTI TANAUAN LEYTE', 'N/A', '2022-11-10 16:23:38', 1, 63),
(560, 'TRINCHERA', 'OSCAR', 64, 1, 'LIMBUHAN GUTI TANAUAN LEYTE', 'N/A', '2022-11-10 16:24:07', 1, 63),
(561, 'TRINCHERA', 'GINA', 56, 2, 'LIMBUHAN GUTI TANAUAN LEYTE', 'N/A', '2022-11-10 16:24:36', 1, 63),
(562, 'TRINCHERA', 'ABEGAIL', 19, 2, 'LIMBUHAN GUTI TANAUAN LEYTE', 'N/A', '2022-11-10 16:25:25', 1, 63),
(563, 'TRINCHERA', 'EMMANUEL', 23, 1, 'LIMBUHAN GUTI TANAUAN LEYTE', 'N/A', '2022-11-10 16:25:56', 1, 63),
(564, 'LAMATA', 'APOLINARIO', 56, 1, 'LIMBUHAN GUTI TANAUAN LEYTE', 'N/A', '2022-11-10 16:26:51', 1, 63),
(565, 'LAMATA', 'ELVIRA', 58, 2, 'LIMBUHAN GUTI TANAUAN LEYTE', 'N/A', '2022-11-10 16:27:22', 1, 63),
(566, 'LAMATA', 'SHERWIN', 29, 1, 'LIMBUHAN GUTI TANAUAN LEYTE', 'N/A', '2022-11-10 16:28:01', 1, 63),
(567, 'LAMATA', 'APOLINARIO JR.', 35, 1, 'LIMBUHAN GUTI TANAUAN LEYTE', 'N/A', '2022-11-10 16:28:42', 1, 63),
(568, 'LAMATA', 'CHARLIE', 35, 1, 'LIMBUHAN GUTI TANAUAN LEYTE', 'N/A', '2022-11-10 16:29:17', 1, 63),
(569, 'TENDINILLA', 'HILDA', 49, 2, 'LIMBUHAN GUTI TANAUAN LEYTE', 'N/A', '2022-11-10 16:29:51', 1, 63),
(570, 'TENDINILLA', 'AMALOR', 5, 2, 'LIMBUHAN GUTI TANAUAN LEYTE', 'N/A', '2022-11-10 16:30:18', 1, 63),
(571, 'DOMO', 'AMELITA', 49, 2, 'LIMBUHAN GUTI TANAUAN LEYTE', 'N/A', '2022-11-10 16:30:43', 1, 63),
(572, 'DOMO', 'JOELA', 16, 2, 'LIMBUHAN GUTI TANAUAN LEYTE', 'N/A', '2022-11-10 16:31:09', 1, 63),
(573, 'DOMO', 'RANCIS', 14, 1, 'LIMBUHAN GUTI TANAUAN LEYTE', 'N/A', '2022-11-10 16:31:48', 1, 63),
(574, 'LAMATA', 'MANUEL', 67, 1, 'LIMBUHAN GUTI TANAUAN LEYTE', 'N/A', '2022-11-10 16:32:26', 1, 63),
(575, 'LAMATA', 'SOLIETA', 56, 2, 'LIMBUHAN GUTI TANAUAN LEYTE', 'N/A', '2022-11-10 16:32:56', 1, 63),
(576, 'LAMATA', 'CHIENEL', 35, 1, 'LIMBUHAN GUTI TANAUAN LEYTE', 'N/A', '2022-11-10 16:33:25', 1, 63),
(577, 'LAMATA', 'MANNIX', 16, 1, 'LIMBUHAN GUTI TANAUAN LEYTE', 'N/A', '2022-11-10 16:33:56', 1, 63),
(578, 'LAMATA', 'SHAINA', 13, 2, 'LIMBUHAN GUTI TANAUAN LEYTE', 'N/A', '2022-11-10 16:34:19', 1, 63),
(579, 'LAMATA', 'MANILYN', 23, 2, 'LIMBUHAN GUTI TANAUAN LEYTE', 'N/A', '2022-11-10 16:34:50', 1, 63),
(580, 'DURATE', 'LESTER', 23, 1, 'LIMBUHAN GUTI TANAUAN LEYTE', 'N/A', '2022-11-10 16:35:18', 1, 63),
(581, 'DUARTE', 'ZHED', 2, 1, 'LIMBUHAN GUTI TANAUAN LEYTE', 'N/A', '2022-11-10 16:35:45', 1, 63),
(582, 'BACUSA', 'AGNES', 64, 2, 'LIMBUHAN GUTI TANAUAN LEYTE', 'N/A', '2022-11-10 16:36:10', 1, 63),
(583, 'GASPAY', 'ANJO', 29, 1, 'LIMBUHAN GUTI TANAUAN LEYTE', 'N/A', '2022-11-10 16:36:33', 1, 63),
(584, 'GASPAY', 'ADRIEL', 27, 1, 'LIMBUHAN GUTI TANAUAN LEYTE', 'N/A', '2022-11-10 16:36:57', 1, 63),
(585, 'GASPAY', 'JELVIN', 26, 1, 'LIMBUHAN GUTI TANAUAN LEYTE', 'N/A', '2022-11-10 16:37:18', 1, 63),
(586, 'GASPAY', 'EDGAR', 44, 1, 'LIMBUHAN GUTI TANAUAN LEYTE', 'N/A', '2022-11-10 16:37:44', 1, 63),
(587, 'GASPAY', 'CLARENCE', 15, 1, 'LIMBUHAN GUTI TANAUAN LEYTE', 'N/A', '2022-11-10 16:38:12', 1, 63),
(588, 'LAMATA', 'RICKY', 46, 1, 'LIMBUHAN GUTI TANAUAN LEYTE', 'N/A', '2022-11-10 16:38:43', 1, 63),
(589, 'BICO', 'KENNETH', 26, 1, 'LIMBUHAN GUTI TANAUAN LEYTE', 'N/A', '2022-11-10 16:39:38', 1, 63),
(590, 'LUMBRE', 'SHEERYL', 25, 2, 'LIMBUHAN GUTI TANAUAN LEYTE', 'N/A', '2022-11-10 16:40:01', 1, 63),
(591, 'BI O', 'SAMANTHA', 5, 2, 'LIMBUHAN GUTI TANAUAN LEYTE', 'N/A', '2022-11-10 16:40:35', 1, 63),
(592, 'LOPERA', 'JUDITH', 59, 2, 'LIMBUHAN GUTI TANAUAN LEYTE', 'N/A', '2022-11-10 16:41:04', 1, 63),
(593, 'LOPERA', 'JOANA', 27, 2, 'LIMBUHAN GUTI TANAUAN LEYTE', 'N/A', '2022-11-10 16:41:37', 1, 63),
(594, 'SARCILLA', 'RANCE DANIEL', 4, 1, 'LIMBUHAN GUTI TANAUAN LEYTE', 'N/A', '2022-11-10 16:42:19', 1, 63),
(595, 'CERENA', 'EDUARDO', 48, 1, 'LIMBUHAN GUTI TANAUAN LEYTE', 'N/A', '2022-11-10 16:42:52', 1, 63),
(596, 'TICOY', 'RAYMUNDO', 1987, 1, 'LIMBUHAN GUTI TANAUAN LEYTE', 'N/A', '2022-11-10 16:43:22', 1, 63),
(597, 'ADVINCULA', 'RETCHEL', 28, 2, 'LIMBUHAN GUTI TANAUAN LEYTE', 'N/A', '2022-11-10 16:44:11', 1, 63),
(598, 'TICOY', 'RETCHEN', 7, 2, 'LIMBUHAN GUTI TANAUAN LEYTE', 'N/A', '2022-11-10 16:44:41', 1, 63),
(599, 'MALATE', 'LORNA', 57, 2, 'LIMBUHAN GUTI TANAUAN LEYTE', 'N/A', '2022-11-10 16:45:18', 1, 63),
(600, 'MALATE', 'ERWIN', 26, 1, 'LIMBUHAN GUTI TANAUAN LEYTE', 'N/A', '2022-11-10 16:45:45', 1, 63),
(601, 'MALATE', 'ERMACH', 22, 1, 'LIMBUHAN GUTI TANAUAN LEYTE', 'N/A', '2022-11-10 16:46:16', 1, 63),
(602, 'LAMATA', 'CRISPIN', 41, 1, 'LIMBUHAN GUTI TANAUAN LEYTE', 'N/A', '2022-11-10 16:46:44', 1, 63),
(603, 'LAMATA', 'WEDINA', 38, 2, 'LIMBUHAN GUTI TANAUAN LEYTE', 'N/A', '2022-11-10 16:47:40', 1, 63),
(604, 'LAMATA', 'CHRISTIAN', 20, 1, 'LIMBUHAN GUTI TANAUAN LEYTE', 'N/A', '2022-11-10 16:48:09', 1, 63),
(605, 'LAMATA', 'KIAN JULES', 9, 1, 'LIMBUHAN GUTI TANAUAN LEYTE', 'N/A', '2022-11-10 16:48:42', 1, 63),
(606, 'ORONOS', 'ENCARNACION', 86, 2, 'LIMBUHAN GUTI TANAUAN LEYTE', 'N/A', '2022-11-10 16:49:15', 1, 63),
(607, 'ORONOS', 'ARNEL', 42, 1, 'LIMBUHAN GUTI TANAUAN LEYTE', 'N/A', '2022-11-10 16:50:01', 1, 63),
(608, 'ORONOS', 'SHERYL', 45, 2, 'LIMBUHAN GUTI TANAUAN LEYTE', 'N/A', '2022-11-10 16:50:32', 1, 63),
(609, 'ORONOS', 'JAMES', 11, 1, 'LIMBUHAN GUTI TANAUAN LEYTE', 'N/A', '2022-11-10 16:51:10', 1, 63),
(610, 'ORONOS', 'RENATO', 71, 1, 'LIMBUHAN GUTI TANAUAN LEYTE', 'N/A', '2022-11-10 16:51:48', 1, 63),
(611, 'ORONOS', 'JOSHUA', 35, 1, 'LIMBUHAN GUTI TANAUAN LEYTE', 'N/A', '2022-11-10 16:52:15', 1, 63),
(612, 'JABOLIN', 'MARGIE', 38, 2, 'LIMBUHAN GUTI TANAUAN LEYTE', 'N/A', '2022-11-10 16:52:58', 1, 63),
(613, 'CASILAN', 'ARIS', 35, 1, 'LIMBUHAN GUTI TANAUAN LEYTE', 'N/A', '2022-11-10 16:53:22', 1, 63),
(614, 'CASILAN', 'ANTONIO', 2017, 1, 'LIMBUHAN GUTI TANAUAN LEYTE', 'N/A', '2022-11-10 16:53:48', 1, 63),
(615, 'LANZA', 'ROGELIO', 52, 1, 'LIMBUHAN GUTI TANAUAN LEYTE', 'N/A', '2022-11-10 16:54:34', 1, 63),
(616, 'CASILAN', 'RHODORA', 47, 2, 'LIMBUHAN GUTI TANAUAN LEYTE', 'N/A', '2022-11-10 16:55:00', 1, 63),
(617, 'CINCO', 'ROMMEL', 18, 1, 'LIMBUHAN GUTI TANAUAN LEYTE', 'N/A', '2022-11-10 16:55:38', 1, 63),
(618, 'CINCO', 'ROMNICK', 18, 1, 'LIMBUHAN GUTI TANAUAN LEYTE', 'N/A', '2022-11-10 16:56:07', 1, 63),
(619, 'CINCO', 'ROCHEL', 22, 2, 'LIMBUHAN GUTI TANAUAN LEYTE', 'N/A', '2022-11-10 16:56:32', 1, 63),
(620, 'ORONOS', 'CORSINE', 59, 1, 'LIMBUHAN GUTI TANAUAN LEYTE', 'N/A', '2022-11-10 16:56:59', 1, 63),
(621, 'ORONOS', 'RONCIA', 58, 2, 'LIMBUHAN GUTI TANAUAN LEYTE', 'N/A', '2022-11-10 16:57:28', 1, 63),
(622, 'ORONOS', 'JILU', 29, 1, 'LIMBUHAN GUTI TANAUAN LEYTE', 'N/A', '2022-11-10 16:57:58', 1, 63),
(623, 'MALIBAGO', 'HANNA', 31, 2, 'LIMBUHAN GUTI TANAUAN LEYTE', 'N/A', '2022-11-10 16:58:38', 1, 63),
(624, 'LANZA', 'CONSOLACION', 72, 2, 'LIMBUHAN GUTI TANAUAN LEYTE', 'N/A', '2022-11-10 16:59:19', 1, 63),
(625, 'LAMATA', 'MELVIN', 26, 1, 'LIMBUHAN GUTI TANAUAN LEYTE', 'N/A', '2022-11-10 16:59:45', 1, 63),
(626, 'REDOBLE', 'FLORA', 73, 2, 'LIMBUHAN GUTI TANAUAN LEYTE', 'N/A', '2022-11-10 17:00:13', 1, 63),
(627, 'LAMATA', 'MICHAEL', 40, 1, 'LIMBUHAN GUTI TANAUAN LEYTE', 'N/A', '2022-11-10 17:00:46', 1, 63),
(628, 'LAMATA', 'ROSALINA', 38, 2, 'LIMBUHAN GUTI TANAUAN LEYTE', 'N/A', '2022-11-10 17:01:10', 1, 63),
(629, 'LAMATA', 'FAITH', 17, 2, 'LIMBUHAN GUTI TANAUAN LEYTE', 'N/A', '2022-11-10 17:01:43', 1, 63),
(630, 'LAMATA', 'MATTHEW', 7, 1, 'LIMBUHAN GUTI TANAUAN LEYTE', 'N/A', '2022-11-10 17:02:10', 1, 63),
(631, 'LAMATA', 'MIKE', 7, 1, 'LIMBUHAN GUTI TANAUAN LEYTE', 'N/A', '2022-11-10 17:02:34', 1, 63),
(632, 'OLASO', 'JHON MICHAEL', 18, 1, 'LIMBUHAN GUTI TANAUAN LEYTE', 'N/A', '2022-11-10 17:03:41', 1, 63),
(633, 'PATINO', 'LOLITO', 45, 1, 'LIMBUHAN GUTI TANAUAN LEYTE', 'N/A', '2022-11-10 17:04:07', 1, 63),
(634, 'REYES', 'FE', 44, 2, 'LIMBUHAN GUTI TANAUAN LEYTE', 'N/A', '2022-11-10 17:04:44', 1, 63),
(635, 'PATINO', 'GABRIEL', 7, 1, 'LIMBUHAN GUTI TANAUAN LEYTE', 'N/A', '2022-11-10 17:05:16', 1, 63),
(636, 'PATINO', 'ANDREI', 7, 1, 'LIMBUHAN GUTI TANAUAN LEYTE', 'N/A', '2022-11-10 17:05:43', 1, 63),
(637, 'NIRZA', 'FELIX', 33, 1, 'LIMBUHAN GUTI TANAUAN LEYTE', 'N/A', '2022-11-10 17:06:14', 1, 63),
(638, 'BICO', 'ERICA', 21, 2, 'LIMBUHAN GUTI TANAUAN LEYTE', 'N/A', '2022-11-10 17:06:45', 1, 63),
(639, 'NIRZA', 'NICO', 1, 1, 'LIMBUHAN GUTI TANAUAN LEYTE', 'N/A', '2022-11-10 17:07:17', 1, 63),
(640, 'GALANZA', 'ROLLEN', 27, 1, 'LIMBUHAN GUTI TANAUAN LEYTE', 'N/A', '2022-11-10 17:07:46', 1, 63),
(641, 'GALANZA', 'TYRON', 1, 1, 'LIMBUHAN GUTI TANAUAN LEYTE', 'N/A', '2022-11-10 17:08:26', 1, 63),
(642, 'ESTIL', 'WELLIE', 52, 1, 'LIMBUHAN GUTI TANAUAN LEYTE', 'N/A', '2022-11-10 17:09:17', 1, 63),
(643, 'LAMATA', 'RICHARD', 64, 1, 'LIMBUHAN GUTI TANAUAN LEYTE', 'N/A', '2022-11-10 17:09:42', 1, 63),
(644, 'MOLON', 'REBECCA', 28, 2, 'LIMBUHAN GUTI TANAUAN LEYTE', 'N/A', '2022-11-10 17:10:11', 1, 63),
(645, 'MOLON', 'KIRIE', 4, 1, 'LIMBUHAN GUTI TANAUAN LEYTE', 'N/A', '2022-11-10 17:10:39', 1, 63),
(646, 'ANDAYA', 'JOSELITO', 48, 1, 'LIMBUHAN GUTI TANAUAN LEYTE', 'N/A', '2022-11-10 17:11:12', 1, 63),
(647, 'ANDAYA', 'MICHELLE', 38, 2, 'LIMBUHAN GUTI TANAUAN LEYTE', 'N/A', '2022-11-10 17:11:48', 1, 63),
(648, 'MANILAG', 'MARBELITO', 35, 1, 'LIMBUHAN GUTI TANAUAN LEYTE', 'N/A', '2022-11-10 17:12:19', 1, 63),
(649, 'MANILAG', 'MARY JOY', 38, 2, 'LIMBUHAN GUTI TANAUAN LEYTE', 'N/A', '2022-11-10 17:12:47', 1, 63),
(650, 'MANILAG', 'JHON MARK', 9, 1, 'LIMBUHAN GUTI TANAUAN LEYTE', 'N/A', '2022-11-10 17:13:20', 1, 63),
(651, 'MANILAG', 'JACOB', 2, 1, 'LIMBUHAN GUTI TANAUAN LEYTE', 'N/A', '2022-11-10 17:13:55', 1, 63),
(652, 'PEREGRINO', 'DWIGHT', 35, 1, 'LIMBUHAN GUTI TANAUAN LEYTE', 'N/A', '2022-11-10 17:14:48', 1, 63),
(653, 'PEREGRINO', 'JOSEPHINE', 33, 2, 'LIMBUHAN GUTI TANAUAN LEYTE', 'N/A', '2022-11-10 17:15:15', 1, 63),
(654, 'PEREGRINO', 'DION JAY', 12, 1, 'LIMBUHAN GUTI TANAUAN LEYTE', 'N/A', '2022-11-10 17:15:43', 1, 63),
(655, 'PEREGRINO', 'DIAN JOY', 10, 2, 'LIMBUHAN GUTI TANAUAN LEYTE', 'N/A', '2022-11-10 17:16:17', 1, 63),
(656, 'PEREGRINO', 'NESTOR', 62, 1, 'LIMBUHAN GUTI TANAUAN LEYTE', 'N/A', '2022-11-10 17:16:49', 1, 63),
(657, 'PEREGRINO', 'GEMMA', 54, 2, 'LIMBUHAN GUTI TANAUAN LEYTE', 'N/A', '2022-11-10 17:17:39', 1, 63),
(658, 'PEREGRINO', 'JAY MAR', 25, 1, 'LIMBUHAN GUTI TANAUAN LEYTE', 'N/A', '2022-11-10 17:18:08', 1, 63),
(659, 'PEREGRINO', 'JESSABEL', 24, 2, 'LIMBUHAN GUTI TANAUAN LEYTE', 'N/A', '2022-11-10 17:18:35', 1, 63),
(660, 'ADVINCULA', 'CESAR', 47, 1, 'LIMBUHAN GUTI TANAUAN LEYTE', 'N/A', '2022-11-10 17:19:07', 1, 63),
(661, 'PANILAWON', 'ROSIE', 46, 2, 'LIMBUHAN GUTI TANAUAN LEYTE', 'N/A', '2022-11-10 17:19:36', 1, 63),
(662, 'ADVINCULA', 'JAY ROSE', 21, 1, 'LIMBUHAN GUTI TANAUAN LEYTE', 'N/A', '2022-11-10 17:20:05', 1, 63),
(663, 'ADVINCULA', 'JAY ANN', 20, 2, 'LIMBUHAN GUTI TANAUAN LEYTE', 'N/A', '2022-11-10 17:20:37', 1, 63),
(664, 'OPINION', 'CANDELARIA', 67, 2, 'LIMBUHAN GUTI TANAUAN LEYTE', 'N/A', '2022-11-11 03:35:58', 1, 63),
(665, 'OPINION', 'LORNA', 76, 2, 'LIMBUHAN GUTI TANAUAN LEYTE', 'N/A', '2022-11-11 03:36:22', 1, 63),
(666, 'DIONISIO', 'EMELIANO', 40, 1, 'LIMBUHAN GUTI TANAUAN LEYTE', 'N/A', '2022-11-11 03:37:40', 1, 63),
(667, 'DIONISIO', 'ANGIE', 43, 2, 'LIMBUHAN GUTI TANAUAN LEYTE', 'N/A', '2022-11-11 03:38:05', 1, 63),
(668, 'DIONISIO', 'ANGELA', 19, 2, 'LIMBUHAN GUTI TANAUAN LEYTE', 'N/A', '2022-11-11 03:38:27', 1, 63),
(669, 'DIONISIO', 'ANGELO', 17, 1, 'LIMBUHAN GUTI TANAUAN LEYTE', 'N/A', '2022-11-11 03:38:52', 1, 63),
(670, 'DIONISIO', 'ANGELITO', 14, 1, 'LIMBUHAN GUTI TANAUAN LEYTE', 'N/A', '2022-11-11 03:39:12', 1, 63),
(671, 'MANILAG', 'ANNIE', 46, 2, 'LIMBUHAN GUTI TANAUAN LEYTE', 'N/A', '2022-11-11 03:39:47', 1, 63),
(672, 'PEREGRINO', 'MARICHU', 53, 2, 'LIMBUHAN GUTI TANAUAN LEYTE', 'N/A', '2022-11-11 03:40:23', 1, 63),
(673, 'MANILAG', 'DARYL', 30, 1, 'LIMBUHAN GUTI TANAUAN LEYTE', 'N/A', '2022-11-11 03:40:48', 1, 63),
(674, 'MANILAG', 'MANOLITO', 20, 1, 'LIMBUHAN GUTI TANAUAN LEYTE', 'N/A', '2022-11-11 03:41:16', 1, 63),
(675, 'MANILAG', 'JHON', 13, 1, 'LIMBUHAN GUTI TANAUAN LEYTE', 'N/A', '2022-11-11 03:41:33', 1, 63),
(676, 'LAUZON', 'NESTOR', 49, 1, 'LIMBUHAN GUTI TANAUAN LEYTE', 'N/A', '2022-11-11 03:42:01', 1, 63),
(677, 'LAUZON', 'AMELITA', 52, 2, 'LIMBUHAN GUTI TANAUAN LEYTE', 'N/A', '2022-11-11 03:42:23', 1, 63),
(678, 'LAUZON', 'MONALISA', 27, 2, 'LIMBUHAN GUTI TANAUAN LEYTE', 'N/A', '2022-11-11 03:42:46', 1, 63),
(679, 'LAUZON', 'MARK JULIUS', 20, 1, 'LIMBUHAN GUTI TANAUAN LEYTE', 'N/A', '2022-11-11 03:43:11', 1, 63),
(680, 'MANILAG', 'LOLITA', 77, 2, 'LIMBUHAN GUTI TANAUAN LEYTE', 'N/A', '2022-11-11 03:43:42', 1, 63),
(681, 'BESCANTE', 'ADRIAN', 18, 1, 'LIMBUHAN GUTI TANAUAN LEYTE', 'N/A', '2022-11-11 03:44:04', 1, 63),
(682, 'MANILAG', 'ARLENE', 40, 2, 'LIMBUHAN GUTI TANAUAN LEYTE', 'N/A', '2022-11-11 03:44:30', 1, 63),
(683, 'MANILAG', 'JESSARELLE', 16, 2, 'LIMBUHAN GUTI TANAUAN LEYTE', 'N/A', '2022-11-11 03:44:55', 1, 63),
(684, 'PALAÑA ', 'MARIO', 63, 1, ' LIMBUHAN GUTI TANAUAN LEYTE', 'N/A', '2022-11-11 03:45:55', 1, 63),
(685, 'PALAÑA ', 'ZENAIDA', 52, 2, ' LIMBUHAN GUTI TANAUAN LEYTE', 'N/A', '2022-11-11 03:46:19', 1, 63),
(686, 'PALAÑA ', 'PATRICIA', 31, 2, ' LIMBUHAN GUTI TANAUAN LEYTE', 'N/A', '2022-11-11 03:46:48', 1, 63),
(687, 'PALAÑA ', 'URIEL', 29, 1, ' LIMBUHAN GUTI TANAUAN LEYTE', 'N/A', '2022-11-11 03:47:09', 1, 63),
(688, 'PALAÑA ', 'JHON MARK', 16, 1, ' LIMBUHAN GUTI TANAUAN LEYTE', 'N/A', '2022-11-11 03:47:29', 1, 63),
(689, 'PALAÑA ', 'MARIEL', 12, 2, ' LIMBUHAN GUTI TANAUAN LEYTE', 'N/A', '2022-11-11 03:47:49', 1, 63),
(690, 'PEREGRINO', 'DARWIN', 29, 1, ' LIMBUHAN GUTI TANAUAN LEYTE', 'N/A', '2022-11-11 03:48:20', 1, 63),
(691, 'OLIMBERIO', 'REYNA', 26, 2, ' LIMBUHAN GUTI TANAUAN LEYTE', 'N/A', '2022-11-11 03:48:47', 1, 63),
(692, 'PEREGRINO', 'DARREN', 3, 1, ' LIMBUHAN GUTI TANAUAN LEYTE', 'N/A', '2022-11-11 03:49:15', 1, 63),
(693, 'PEREGRINO', 'MA. CRISTINA', 56, 2, ' LIMBUHAN GUTI TANAUAN LEYTE', 'N/A', '2022-11-11 03:49:56', 1, 63),
(694, 'PEREGRINO', 'DAVE', 23, 1, ' LIMBUHAN GUTI TANAUAN LEYTE', 'N/A', '2022-11-11 03:50:18', 1, 63),
(695, 'ESLABAN', 'ANGILYN', 23, 2, ' LIMBUHAN GUTI TANAUAN LEYTE', 'N/A', '2022-11-11 03:50:40', 1, 63),
(696, 'PEREGRINO', 'DOLCE', 2, 2, ' LIMBUHAN GUTI TANAUAN LEYTE', 'N/A', '2022-11-11 03:51:02', 1, 63),
(697, 'MANILAG', 'ARNOL', 42, 1, ' LIMBUHAN GUTI TANAUAN LEYTE', 'N/A', '2022-11-11 03:51:49', 1, 63),
(698, 'PEREGRINO', 'DANILO', 58, 1, ' LIMBUHAN GUTI TANAUAN LEYTE', 'N/A', '2022-11-11 03:52:21', 1, 63),
(699, 'PICOY', 'EVANGELINE', 61, 2, ' LIMBUHAN GUTI TANAUAN LEYTE', 'N/A', '2022-11-11 03:52:45', 1, 63),
(700, 'MALATE', 'RUDY', 36, 1, ' LIMBUHAN GUTI TANAUAN LEYTE', 'N/A', '2022-11-11 03:53:41', 1, 63),
(701, 'LAMATA', 'MICHELLE', 30, 2, ' LIMBUHAN GUTI TANAUAN LEYTE', 'N/A', '2022-11-11 03:54:05', 1, 63),
(702, 'MALATE', 'JHON MARK', 8, 1, ' LIMBUHAN GUTI TANAUAN LEYTE', 'N/A', '2022-11-11 03:54:26', 1, 63),
(703, 'MALATE', 'ROMEL', 4, 1, ' LIMBUHAN GUTI TANAUAN LEYTE', 'N/A', '2022-11-11 03:54:44', 1, 63),
(704, 'LAMATA', 'MANUEL', 25, 1, ' LIMBUHAN GUTI TANAUAN LEYTE', 'N/A', '2022-11-11 03:55:18', 1, 63),
(705, 'LAMATA', 'MIGUEL', 6, 1, ' LIMBUHAN GUTI TANAUAN LEYTE', 'N/A', '2022-11-11 03:55:40', 1, 63),
(706, 'ADVINCULA', 'FROILANA', 50, 1, ' LIMBUHAN GUTI TANAUAN LEYTE', 'N/A', '2022-11-11 03:56:09', 1, 63),
(707, 'ADVINCULA', 'AILEEN', 47, 2, ' LIMBUHAN GUTI TANAUAN LEYTE', 'N/A', '2022-11-11 03:56:28', 1, 63),
(708, 'ADVINCULA', 'FRANCHESKA', 12, 2, ' LIMBUHAN GUTI TANAUAN LEYTE', 'N/A', '2022-11-11 03:56:53', 1, 63),
(709, 'ADVINCULA', 'FRANCIS CLOYD', 9, 1, ' LIMBUHAN GUTI TANAUAN LEYTE', 'N/A', '2022-11-11 03:57:16', 1, 63),
(710, 'ADVINCULA', 'FELIPE', 76, 1, ' LIMBUHAN GUTI TANAUAN LEYTE', 'N/A', '2022-11-11 03:57:48', 1, 63),
(711, 'MAGNAWA', 'LEO', 45, 1, ' LIMBUHAN GUTI TANAUAN LEYTE', 'N/A', '2022-11-11 03:58:12', 1, 63),
(712, 'MAGNAWA', 'RINALYN', 16, 2, ' LIMBUHAN GUTI TANAUAN LEYTE', 'N/A', '2022-11-11 03:58:38', 1, 63),
(713, 'MAGNAWA', 'FRANKLIN', 19, 1, ' LIMBUHAN GUTI TANAUAN LEYTE', 'N/A', '2022-11-11 03:58:55', 1, 63),
(714, 'MAGNAWA', 'SALVACION', 83, 2, ' LIMBUHAN GUTI TANAUAN LEYTE', 'N/A', '2022-11-11 04:00:07', 1, 63),
(715, 'MAGNAWA', 'STEVAN', 47, 1, ' LIMBUHAN GUTI TANAUAN LEYTE', 'N/A', '2022-11-11 04:00:28', 1, 63),
(716, 'MAGNAWA', 'JOEL', 51, 1, ' LIMBUHAN GUTI TANAUAN LEYTE', 'N/A', '2022-11-11 04:00:45', 1, 63),
(717, 'MAGNAWA', 'RANDY', 41, 1, ' LIMBUHAN GUTI TANAUAN LEYTE', 'N/A', '2022-11-11 04:01:04', 1, 63),
(718, 'VERTUDES', 'FLORITA', 74, 2, ' LIMBUHAN GUTI TANAUAN LEYTE', 'N/A', '2022-11-11 04:01:51', 1, 63),
(719, 'REYES', 'MARK', 32, 1, ' LIMBUHAN GUTI TANAUAN LEYTE', 'N/A', '2022-11-11 04:02:10', 1, 63),
(720, 'REYES', 'MICHELLE', 26, 2, ' LIMBUHAN GUTI TANAUAN LEYTE', 'N/A', '2022-11-11 04:02:30', 1, 63),
(721, 'PICA', 'REYMARK', 26, 1, ' LIMBUHAN GUTI TANAUAN LEYTE', 'N/A', '2022-11-11 04:02:59', 1, 63),
(722, 'PIMENTEL', 'BEBERLY', 26, 2, ' LIMBUHAN GUTI TANAUAN LEYTE', 'N/A', '2022-11-11 04:03:21', 1, 63),
(723, 'PICA', 'ROMILA', 37, 2, ' LIMBUHAN GUTI TANAUAN LEYTE', 'N/A', '2022-11-11 04:04:08', 1, 63),
(724, 'SONGALIA', 'ALFREDO', 80, 1, ' LIMBUHAN GUTI TANAUAN LEYTE', 'N/A', '2022-11-11 04:05:33', 1, 63),
(725, 'PALAÑA ', 'CAROLINA', 56, 2, ' LIMBUHAN GUTI TANAUAN LEYTE', 'N/A', '2022-11-11 04:05:52', 1, 63),
(726, 'PALAÑA ', 'GRACE', 35, 2, ' LIMBUHAN GUTI TANAUAN LEYTE', 'N/A', '2022-11-11 04:06:17', 1, 63),
(727, 'PALAÑA ', 'GEMMA', 30, 2, ' LIMBUHAN GUTI TANAUAN LEYTE', 'N/A', '2022-11-11 04:06:41', 1, 63),
(728, 'PALAÑA ', 'JOSHUA', 23, 1, ' LIMBUHAN GUTI TANAUAN LEYTE', 'N/A', '2022-11-11 04:07:18', 1, 63),
(729, 'CERVANTES', 'PELOTIA', 90, 2, ' LIMBUHAN GUTI TANAUAN LEYTE', 'N/A', '2022-11-11 04:07:50', 1, 63),
(730, 'CERVANTES', 'GRAGORIO', 47, 1, ' LIMBUHAN GUTI TANAUAN LEYTE', 'N/A', '2022-11-11 04:08:23', 1, 63),
(731, 'DIOLA', 'ALLAN', 45, 1, ' LIMBUHAN GUTI TANAUAN LEYTE', 'N/A', '2022-11-11 04:08:53', 1, 63),
(732, 'PICA', 'ROWENA', 31, 2, ' LIMBUHAN GUTI TANAUAN LEYTE', 'N/A', '2022-11-11 04:09:14', 1, 63),
(733, 'DIOLA', 'LAURENCE', 13, 2, ' LIMBUHAN GUTI TANAUAN LEYTE', 'N/A', '2022-11-11 04:09:41', 1, 63),
(734, 'DIOLA', 'KATHLEA', 11, 2, ' LIMBUHAN GUTI TANAUAN LEYTE', 'N/A', '2022-11-11 04:10:04', 1, 62),
(735, 'DIOLA', 'SEAN', 4, 1, ' LIMBUHAN GUTI TANAUAN LEYTE', 'N/A', '2022-11-11 04:10:23', 1, 63),
(736, 'ALVARADO', 'CLOTILDE', 82, 2, ' LIMBUHAN GUTI TANAUAN LEYTE', 'N/A', '2022-11-11 04:11:09', 1, 63),
(737, 'ALVARADO', 'RAMIL', 54, 1, ' LIMBUHAN GUTI TANAUAN LEYTE', 'N/A', '2022-11-11 04:11:26', 1, 63),
(738, 'ADVINCULA', 'MERINES', 48, 2, ' LIMBUHAN GUTI TANAUAN LEYTE', 'N/A', '2022-11-11 04:12:05', 1, 63),
(739, 'HONDA', 'KAZUTO', 24, 1, ' LIMBUHAN GUTI TANAUAN LEYTE', 'N/A', '2022-11-11 04:12:30', 1, 63),
(740, 'HONDA', 'AIKO', 20, 2, ' LIMBUHAN GUTI TANAUAN LEYTE', 'N/A', '2022-11-11 04:13:02', 1, 63),
(741, 'ADVINCULA', 'ALMA', 77, 2, ' LIMBUHAN GUTI TANAUAN LEYTE', 'N/A', '2022-11-11 04:13:35', 1, 63),
(742, 'ADVINCULA', 'ALICIA', 50, 2, ' LIMBUHAN GUTI TANAUAN LEYTE', 'N/A', '2022-11-11 04:13:56', 1, 63),
(743, 'ATTENBOROUGH', 'ESTELA', 43, 2, ' LIMBUHAN GUTI TANAUAN LEYTE', 'N/A', '2022-11-11 04:14:43', 1, 63),
(744, 'ATTENBOROUGH', 'REUBEN', 76, 1, ' LIMBUHAN GUTI TANAUAN LEYTE', 'N/A', '2022-11-11 04:15:07', 1, 63),
(745, 'LAMATA', 'VERONICA', 20, 2, ' LIMBUHAN GUTI TANAUAN LEYTE', 'N/A', '2022-11-11 04:15:28', 1, 63),
(746, 'LAMATA', 'JILLIAN', 17, 2, ' LIMBUHAN GUTI TANAUAN LEYTE', 'N/A', '2022-11-11 04:15:49', 1, 63),
(747, 'ATTENBOROUGH', 'DEENA', 10, 2, ' LIMBUHAN GUTI TANAUAN LEYTE', 'N/A', '2022-11-11 04:16:09', 1, 63),
(748, 'GASPAY', 'RICHARD', 34, 1, ' LIMBUHAN GUTI TANAUAN LEYTE', 'N/A', '2022-11-11 04:17:01', 1, 63),
(749, 'GASPAY', 'DONNA', 31, 2, ' LIMBUHAN GUTI TANAUAN LEYTE', 'N/A', '2022-11-11 04:17:25', 1, 63);

-- --------------------------------------------------------

--
-- Table structure for table `calamity`
--

CREATE TABLE `calamity` (
  `id` int(11) NOT NULL,
  `name` varchar(255) NOT NULL,
  `date_added` datetime NOT NULL,
  `type` tinyint(4) DEFAULT NULL
) ENGINE=InnoDB DEFAULT CHARSET=latin1;

--
-- Dumping data for table `calamity`
--

INSERT INTO `calamity` (`id`, `name`, `date_added`, `type`) VALUES
(1, 'odeth', '2022-07-05 00:00:00', 1),
(2, 'yolanda', '2022-07-06 00:00:00', 1),
(3, 'ondoy', '2022-08-01 00:00:00', 1);

-- --------------------------------------------------------

--
-- Table structure for table `evacuation_barangay`
--

CREATE TABLE `evacuation_barangay` (
  `evac_id` int(11) NOT NULL,
  `barangay_id` int(11) NOT NULL
) ENGINE=InnoDB DEFAULT CHARSET=latin1;

--
-- Dumping data for table `evacuation_barangay`
--

INSERT INTO `evacuation_barangay` (`evac_id`, `barangay_id`) VALUES
(0, 49),
(3, 12),
(4, 1),
(5, 14),
(5, 15),
(5, 22),
(6, 20),
(6, 21),
(8, 19),
(9, 16),
(9, 22),
(10, 16),
(10, 22),
(15, 31),
(16, 73),
(17, 57),
(18, 62),
(19, 63),
(20, 67),
(21, 69),
(22, 84),
(23, 70),
(24, 72),
(25, 74),
(26, 78),
(27, 80),
(28, 82),
(29, 83),
(30, 49),
(31, 34),
(32, 34),
(33, 34),
(34, 34),
(35, 34),
(36, 33),
(37, 32),
(38, 32),
(39, 33),
(40, 33),
(43, 32),
(44, 32),
(45, 32),
(46, 32),
(47, 32),
(48, 32),
(49, 32),
(50, 49),
(51, 31);

-- --------------------------------------------------------

--
-- Table structure for table `evacuation_center`
--

CREATE TABLE `evacuation_center` (
  `id` int(11) NOT NULL,
  `center` varchar(255) NOT NULL,
  `address` varchar(300) DEFAULT NULL,
  `contact` varchar(255) NOT NULL,
  `lat` varchar(255) DEFAULT NULL,
  `lng` varchar(255) DEFAULT NULL,
  `status` tinyint(4) NOT NULL,
  `date_added` datetime NOT NULL,
  `camp_manager` varchar(255) DEFAULT NULL,
  `guard` varchar(255) DEFAULT NULL,
  `capacity` int(11) DEFAULT NULL,
  `type` tinyint(4) DEFAULT NULL,
  `image_path` text DEFAULT NULL
) ENGINE=InnoDB DEFAULT CHARSET=latin1;

--
-- Dumping data for table `evacuation_center`
--

INSERT INTO `evacuation_center` (`id`, `center`, `address`, `contact`, `lat`, `lng`, `status`, `date_added`, `camp_manager`, `guard`, `capacity`, `type`, `image_path`) VALUES
(5, 'LICOD Evacuation Center', 'Licod Tanauan Leyte', '0912345678', '11.112458', '125.016646', 0, '2022-07-28 05:12:55', NULL, '', 1000, 1, NULL),
(6, 'CABUYNAN Evacuation Center', 'Cabuynan Tanauan Leyte', '098765432', '11.081722', '125.024763', 0, '2022-08-06 09:39:08', 'cabuyanan', 'guard ako', 1000, 1, NULL),
(7, 'CABUYNAN Evacuation Center', 'Cabuynan Tanauan Leyte', '098765432', '11.081722', '125.024763', 0, '2022-08-06 09:39:44', NULL, '', 1000, 1, NULL),
(8, 'BISLIG Evacuation Center', 'Bislig Tanauan Leyte', '092354433', '11.072891', '125.034933', 0, '2022-08-06 09:50:05', 'manager', 'guard', 1000, 1, NULL),
(9, 'EVSU Evacuation Center', 'San Miguel Tanauan Leyte', '0998763556', '11.108566', '125.012615', 0, '2022-08-06 09:59:46', NULL, '', 1000, 1, NULL),
(10, 'CANRAMOS Evacuation Center', 'Canramos Tanauan Leyte', '098657543', '11.108464', '125.013718', 0, '2022-08-06 10:04:12', NULL, '', 1000, 1, NULL),
(16, 'SALVADOR BRGY HALL, ELEM. SCHOOL & CHAPEL', '', '09380060699', '11.079952892356891', '124.96820576655053', 1, '2022-11-11 12:58:16', 'VILMA S. AMANTE', 'TANOD', 250, 2, NULL),
(17, 'GUINGAUAN BRGY HALL & ELEMENTARY SCHOOL EVACUATION CENTER', '', '098643355335', '11.076360256324675', '124.95493771394668', 1, '2022-11-11 13:04:25', 'RODEL', 'TANOD', 150, 2, NULL),
(18, 'LIMBUHAN DAKU BRGY HALL & ELEM. SCHOOL', '', '099735079656', '11.06175659547039', '125.01612614069833', 1, '2022-11-11 13:07:16', 'MELY MALATE', 'TANOD', 200, 2, NULL),
(19, 'LIMBUHAN GUTI BRGY HALL & ELEM SCHOOL', '', '09077970441', '11.06750684484402', '125.02340236214022', 1, '2022-11-11 13:09:38', 'TERESITA DEMETRIO', 'TANOD', 200, 2, NULL),
(20, 'MARIBI BRGY HALL & ELEM. SCHOOL', '', '09381301525', '11.100787590245739', '124.99573229028857', 1, '2022-11-11 13:13:04', 'GERLIE DOROJA', 'TANOD', 250, 2, NULL),
(21, 'PAGO BRGY HALL & UMCOR BLDG', '', '09957964262', '11.106186131791402', '125.00200313305884', 1, '2022-11-11 13:15:25', 'CARYL BETASOLO', 'TANOD', 300, 2, NULL),
(22, 'MALAGUICAY BRGY HALL & ELEM. SCHOOL', '', '09101418484', '11.094315002227773', '124.98725474792097', 1, '2022-11-11 13:18:48', 'MARICIRS MAROTO', 'TANOD', 200, 2, NULL),
(23, 'PASIL BRGY HALL & ELEM. SCHOOL', '', '09665444969', '11.089474625173166', '125.001105582983', 1, '2022-11-11 13:30:52', 'MA. CHRISTINE P. GRANADA', 'TANOD', 120, 2, NULL),
(24, 'SACME BRGY HALL', '', 'N/A', '11.070923797195418', '125.01401021462486', 1, '2022-11-11 13:35:42', 'JOEY RAMBACUD', 'TANOD', 60, 2, NULL),
(25, 'SAN ISIDRO BRGY HALL & ELEM. SCHOOL', '', '09063172219', '11.087495960607184', '124.94910791620427', 1, '2022-11-11 13:37:56', 'SHERYL A. OLAHAY', 'TANOD', 400, 2, NULL),
(26, 'SANTA ELENA BRGY HALL & ELEM. SCHOOL', '', '09063172219', '11.097374637405137', '124.97393221632697', 1, '2022-11-11 13:41:20', 'MRIDEL A. OLAHAY', 'TANOD', 400, 2, NULL),
(27, 'SOLANO', '', '0965435804', '11.12043764550728', '125.0158762489902', 1, '2022-11-11 13:44:42', 'EDNA LOAYON', 'TANOD', 50, 2, NULL),
(28, 'TALOLORA BRGY HALL & ELEM. SCHOOL', '', '09079915591', '11.079429820027482', '124.98631547249956', 1, '2022-11-11 13:47:16', ' LANIE DE PAZ', 'TANOD', 170, 2, NULL),
(29, 'TUGOP BRGY HALL & ELEM. SCHOOL', '', '09158125636', '11.08442331942539', '125.00925819274607', 1, '2022-11-11 13:50:35', 'PURISIMA ARGOTA', 'TANOD', 170, 2, NULL),
(50, 'CALSADAHAY BRGY HALL & ELEM. SCHOOL', '', 'N/A', '11.062959488681102', '124.974972482934', 1, '2022-12-22 06:30:03', 'N/A', 'N/A', 250, 2, 'uploads/50/evac.jpg'),
(51, 'ADA, BRGY HALL/ELEMENTARY SCHOOL EVAC, CENTER', '', '09777177426', '11.043405538742533', '124.98446928413775', 1, '2022-12-22 06:31:44', 'N/A', 'N/A', 250, 2, 'uploads/51/evac.jpg');

-- --------------------------------------------------------

--
-- Table structure for table `evacuees`
--

CREATE TABLE `evacuees` (
  `id` int(11) NOT NULL,
  `lastname` varchar(255) DEFAULT NULL,
  `firstname` varchar(255) DEFAULT NULL,
  `middlename` varchar(255) DEFAULT NULL,
  `contact` varchar(255) DEFAULT NULL,
  `age` int(11) DEFAULT NULL,
  `gender` int(11) DEFAULT NULL,
  `barangay_id` int(11) DEFAULT NULL,
  `address` varchar(300) DEFAULT NULL,
  `head_of_family` varchar(199) DEFAULT NULL,
  `status` tinyint(4) DEFAULT NULL,
  `date_added` datetime DEFAULT NULL,
  `evacuation_center_id` int(11) DEFAULT NULL,
  `calamity_id` int(11) DEFAULT NULL,
  `person_id` int(11) DEFAULT NULL,
  `head_person_id` int(11) DEFAULT NULL,
  `is_present` int(11) DEFAULT NULL,
  `remarks` varchar(255) DEFAULT NULL,
  `date_left` datetime DEFAULT NULL ON UPDATE current_timestamp()
) ENGINE=InnoDB DEFAULT CHARSET=latin1;

--
-- Dumping data for table `evacuees`
--

INSERT INTO `evacuees` (`id`, `lastname`, `firstname`, `middlename`, `contact`, `age`, `gender`, `barangay_id`, `address`, `head_of_family`, `status`, `date_added`, `evacuation_center_id`, `calamity_id`, `person_id`, `head_person_id`, `is_present`, `remarks`, `date_left`) VALUES
(1, NULL, NULL, NULL, NULL, NULL, NULL, NULL, NULL, NULL, 1, '2022-10-01 13:32:40', 17, 2, 8, 8, 2, 'Pregnant', '2022-12-11 20:04:23'),
(2, NULL, NULL, NULL, NULL, NULL, NULL, NULL, NULL, NULL, 1, '2022-10-01 13:33:19', 17, 2, 11, 8, 2, NULL, '2022-12-06 00:18:22'),
(3, NULL, NULL, NULL, NULL, NULL, NULL, NULL, NULL, NULL, 1, '2022-10-01 13:33:32', 17, 3, 10, 8, 2, NULL, '2022-12-11 21:39:54'),
(4, NULL, NULL, NULL, NULL, NULL, NULL, NULL, NULL, NULL, 1, '2022-10-01 14:07:49', 17, 2, 12, 8, 4, NULL, NULL),
(5, NULL, NULL, NULL, NULL, NULL, NULL, NULL, NULL, NULL, 1, '2022-11-11 14:05:17', 17, 2, 73, 73, 2, NULL, '2022-12-06 00:18:44'),
(6, NULL, NULL, NULL, NULL, NULL, NULL, NULL, NULL, NULL, 1, '2022-11-11 14:06:20', 17, 2, 75, 73, 2, NULL, '2022-12-11 22:34:16'),
(7, NULL, NULL, NULL, NULL, NULL, NULL, NULL, NULL, NULL, 1, '2022-11-11 14:06:44', 17, 2, 76, 73, 2, NULL, '2022-12-11 22:35:14'),
(8, NULL, NULL, NULL, NULL, NULL, NULL, NULL, NULL, NULL, 0, '2022-11-11 14:07:11', 17, 2, 76, 73, 1, NULL, NULL),
(9, NULL, NULL, NULL, NULL, NULL, NULL, NULL, NULL, NULL, 1, '2022-11-11 14:07:59', 17, 2, 13, 8, 2, NULL, '2022-12-11 22:36:03'),
(10, NULL, NULL, NULL, NULL, NULL, NULL, NULL, NULL, NULL, 1, '2022-11-11 14:10:04', 17, 2, 404, 404, 1, NULL, NULL),
(11, NULL, NULL, NULL, NULL, NULL, NULL, NULL, NULL, NULL, 1, '2022-11-11 14:11:23', 17, 2, 405, 404, 1, NULL, NULL),
(12, NULL, NULL, NULL, NULL, NULL, NULL, NULL, NULL, NULL, 1, '2022-11-11 14:12:10', 17, 2, 406, 404, 1, NULL, NULL),
(13, NULL, NULL, NULL, NULL, NULL, NULL, NULL, NULL, NULL, 1, '2022-11-11 14:13:08', 17, 1, 5, 5, 1, NULL, NULL),
(14, NULL, NULL, NULL, NULL, NULL, NULL, NULL, NULL, NULL, 1, '2022-11-11 14:13:48', 17, 1, 6, 5, 1, NULL, NULL),
(15, NULL, NULL, NULL, NULL, NULL, NULL, NULL, NULL, NULL, 1, '2022-11-11 14:14:12', 17, 1, 7, 5, 1, NULL, NULL),
(16, NULL, NULL, NULL, NULL, NULL, NULL, NULL, NULL, NULL, 1, '2022-11-11 14:14:58', 17, 1, 14, 14, 1, NULL, NULL),
(17, NULL, NULL, NULL, NULL, NULL, NULL, NULL, NULL, NULL, 1, '2022-11-11 14:15:28', 17, 1, 15, 14, 1, NULL, NULL),
(18, NULL, NULL, NULL, NULL, NULL, NULL, NULL, NULL, NULL, 0, '2022-11-11 14:15:46', 17, 1, 16, 19, 1, NULL, NULL),
(19, NULL, NULL, NULL, NULL, NULL, NULL, NULL, NULL, NULL, 1, '2022-11-11 14:16:04', 17, 1, 17, 14, 1, NULL, NULL),
(20, NULL, NULL, NULL, NULL, NULL, NULL, NULL, NULL, NULL, 1, '2022-11-11 14:16:21', 17, 1, 144, 144, 1, NULL, NULL);

-- --------------------------------------------------------

--
-- Table structure for table `mpv`
--

CREATE TABLE `mpv` (
  `id` int(11) NOT NULL,
  `name` varchar(100) DEFAULT NULL,
  `date` date DEFAULT NULL,
  `platenumber` varchar(100) DEFAULT NULL,
  `status` tinyint(4) DEFAULT NULL,
  `is_deleted` tinyint(4) DEFAULT NULL
) ENGINE=InnoDB DEFAULT CHARSET=utf8mb4;

--
-- Dumping data for table `mpv`
--

INSERT INTO `mpv` (`id`, `name`, `date`, `platenumber`, `status`, `is_deleted`) VALUES
(3, 'EMERGENCY SERVICE VEHICLE', '2022-11-11', 'G3 G374', 1, 0),
(4, 'KALAHI-CIDSS.MILLENIUM CHALLENGE CORPORATION', '2022-11-11', '9493', 1, 0),
(5, 'KALAHI-CIDSS.MILLENIUM CHALLENGE CORPORATION', '2022-11-14', '7345', 1, 0),
(6, 'KALAHI-CIDSS.MILLENIUM CHALLENGE CORPORATION', '2022-11-11', '9265', 1, 0),
(7, 'KALAHI-CIDSS.MILLENIUM CHALLENGE CORPORATION', '2022-11-11', '38603', 1, 0),
(8, 'KALAHI-CIDSS.MILLENIUM CHALLENGE CORPORATION', '2022-11-11', '9598', 2, 0),
(9, 'KALAHI-CIDSS.MILLENIUM CHALLENGE CORPORATION', '2022-11-11', '9464', 1, 0);

-- --------------------------------------------------------

--
-- Table structure for table `mpv_trans`
--

CREATE TABLE `mpv_trans` (
  `id` int(11) NOT NULL,
  `date` date DEFAULT NULL,
  `time` time DEFAULT NULL,
  `mpv_id` int(11) DEFAULT NULL,
  `evo_name` varchar(100) DEFAULT NULL,
  `appointment` varchar(100) DEFAULT NULL,
  `route` varchar(100) DEFAULT NULL,
  `type` tinyint(4) DEFAULT NULL
) ENGINE=InnoDB DEFAULT CHARSET=utf8mb4;

--
-- Dumping data for table `mpv_trans`
--

INSERT INTO `mpv_trans` (`id`, `date`, `time`, `mpv_id`, `evo_name`, `appointment`, `route`, `type`) VALUES
(3, '1974-03-01', '04:14:00', 4, 'Pearl Calderon', 'Aut aute earum eveni', 'Ipsa et ducimus to', 1);

-- --------------------------------------------------------

--
-- Table structure for table `role`
--

CREATE TABLE `role` (
  `id` int(11) NOT NULL,
  `role` varchar(100) NOT NULL
) ENGINE=InnoDB DEFAULT CHARSET=latin1;

--
-- Dumping data for table `role`
--

INSERT INTO `role` (`id`, `role`) VALUES
(1, 'Admin'),
(2, 'User');

-- --------------------------------------------------------

--
-- Table structure for table `users`
--

CREATE TABLE `users` (
  `id` int(11) NOT NULL,
  `fullname` varchar(255) NOT NULL,
  `role_id` int(11) NOT NULL,
  `contactinfo` varchar(255) NOT NULL,
  `designation` varchar(255) NOT NULL,
  `username` varchar(255) NOT NULL,
  `password` varchar(255) NOT NULL,
  `status` tinyint(4) NOT NULL,
  `email` varchar(100) NOT NULL,
  `evacuation_center_id` int(11) NOT NULL
) ENGINE=InnoDB DEFAULT CHARSET=latin1;

--
-- Dumping data for table `users`
--

INSERT INTO `users` (`id`, `fullname`, `role_id`, `contactinfo`, `designation`, `username`, `password`, `status`, `email`, `evacuation_center_id`) VALUES
(1, 'sdfx111', 2, '231', 'sdfsf1', 'admin', 'admin', 1, 'user@gmail.com', 6),
(6, 'Administrator', 1, 'sdf', 'sdfxxx encoder', 'admin', 'admin', 1, 'admin@gmail.com', 5),
(15, 'dsfsf', 1, 'sdf', '23', '23', 'admin', 1, 'samocenada@gmail.com', 5);

--
-- Indexes for dumped tables
--

--
-- Indexes for table `barangay`
--
ALTER TABLE `barangay`
  ADD PRIMARY KEY (`id`);

--
-- Indexes for table `barangay_info`
--
ALTER TABLE `barangay_info`
  ADD PRIMARY KEY (`id`);

--
-- Indexes for table `calamity`
--
ALTER TABLE `calamity`
  ADD PRIMARY KEY (`id`);

--
-- Indexes for table `evacuation_barangay`
--
ALTER TABLE `evacuation_barangay`
  ADD UNIQUE KEY `evac_id` (`evac_id`,`barangay_id`);

--
-- Indexes for table `evacuation_center`
--
ALTER TABLE `evacuation_center`
  ADD PRIMARY KEY (`id`);

--
-- Indexes for table `evacuees`
--
ALTER TABLE `evacuees`
  ADD PRIMARY KEY (`id`),
  ADD KEY `barangay_id` (`barangay_id`,`evacuation_center_id`),
  ADD KEY `calamity_id` (`calamity_id`);

--
-- Indexes for table `mpv`
--
ALTER TABLE `mpv`
  ADD PRIMARY KEY (`id`);

--
-- Indexes for table `mpv_trans`
--
ALTER TABLE `mpv_trans`
  ADD PRIMARY KEY (`id`);

--
-- Indexes for table `role`
--
ALTER TABLE `role`
  ADD PRIMARY KEY (`id`);

--
-- Indexes for table `users`
--
ALTER TABLE `users`
  ADD PRIMARY KEY (`id`);

--
-- AUTO_INCREMENT for dumped tables
--

--
-- AUTO_INCREMENT for table `barangay`
--
ALTER TABLE `barangay`
  MODIFY `id` int(11) NOT NULL AUTO_INCREMENT, AUTO_INCREMENT=85;

--
-- AUTO_INCREMENT for table `barangay_info`
--
ALTER TABLE `barangay_info`
  MODIFY `id` int(11) NOT NULL AUTO_INCREMENT, AUTO_INCREMENT=750;

--
-- AUTO_INCREMENT for table `calamity`
--
ALTER TABLE `calamity`
  MODIFY `id` int(11) NOT NULL AUTO_INCREMENT, AUTO_INCREMENT=4;

--
-- AUTO_INCREMENT for table `evacuation_center`
--
ALTER TABLE `evacuation_center`
  MODIFY `id` int(11) NOT NULL AUTO_INCREMENT, AUTO_INCREMENT=52;

--
-- AUTO_INCREMENT for table `evacuees`
--
ALTER TABLE `evacuees`
  MODIFY `id` int(11) NOT NULL AUTO_INCREMENT, AUTO_INCREMENT=25;

--
-- AUTO_INCREMENT for table `mpv`
--
ALTER TABLE `mpv`
  MODIFY `id` int(11) NOT NULL AUTO_INCREMENT, AUTO_INCREMENT=10;

--
-- AUTO_INCREMENT for table `mpv_trans`
--
ALTER TABLE `mpv_trans`
  MODIFY `id` int(11) NOT NULL AUTO_INCREMENT, AUTO_INCREMENT=4;

--
-- AUTO_INCREMENT for table `role`
--
ALTER TABLE `role`
  MODIFY `id` int(11) NOT NULL AUTO_INCREMENT, AUTO_INCREMENT=3;

--
-- AUTO_INCREMENT for table `users`
--
ALTER TABLE `users`
  MODIFY `id` int(11) NOT NULL AUTO_INCREMENT, AUTO_INCREMENT=16;
COMMIT;

/*!40101 SET CHARACTER_SET_CLIENT=@OLD_CHARACTER_SET_CLIENT */;
/*!40101 SET CHARACTER_SET_RESULTS=@OLD_CHARACTER_SET_RESULTS */;
/*!40101 SET COLLATION_CONNECTION=@OLD_COLLATION_CONNECTION */;
